Page Name,Tags,Child,Parent,Column,Last edited by,Problems
EMI,physics,"Wiki%20Page%20Storage%207a886a301e234ae4a4c87925ce34f45c/A%20conducting%20wire%20of%20parabolic%20shape,%20initially%20y=%207a79f0c4003140cf8d95b60ea48bb24c.md, Wiki%20Page%20Storage%207a886a301e234ae4a4c87925ce34f45c/Some%20easy%20EMI%20questions%202397dc1e88fc4cad8627975e358224bf.md",,"Oct 12, 2020 7:08 PM",Soutrik das,
Force on a Current carrying rod in a Magnetic Field,,,,"Aug 29, 2020 2:19 PM",Soutrik das,
Thermodynamic v/s Kinematic Control (Reaction Coordinate Diagram),chemistry,Wiki%20Page%20Storage%207a886a301e234ae4a4c87925ce34f45c/E_1%20v%20s%20E_2%20Elimination%20Reaction%20978a2721ce7147dca0d2cfc66a7114a6.md,"Wiki%20Page%20Storage%207a886a301e234ae4a4c87925ce34f45c/Thermodynamics%209da00a94568c4336811d10e519fc1adc.md, Wiki%20Page%20Storage%207a886a301e234ae4a4c87925ce34f45c/Chemical%20Kinetics%206115c5ceead24fa2962cffcea31cdf68.md","Oct 9, 2020 8:40 PM",Soutrik das,
Intermediate v/s Transition State,chemistry,,Wiki%20Page%20Storage%207a886a301e234ae4a4c87925ce34f45c/Reaction%20Coordinate%201e6630e802fa4f2990c7779384be6529.md,"Aug 22, 2020 1:31 PM",Soutrik das,
"Hammond's Postulate ",chemistry,,"Wiki%20Page%20Storage%207a886a301e234ae4a4c87925ce34f45c/Reaction%20Coordinate%201e6630e802fa4f2990c7779384be6529.md, Wiki%20Page%20Storage%207a886a301e234ae4a4c87925ce34f45c/Chemical%20Kinetics%206115c5ceead24fa2962cffcea31cdf68.md, Wiki%20Page%20Storage%207a886a301e234ae4a4c87925ce34f45c/Thermodynamics%209da00a94568c4336811d10e519fc1adc.md","Oct 9, 2020 9:16 PM",Soutrik das,
"RDS-Rate Determining Step ",chemistry,Wiki%20Page%20Storage%207a886a301e234ae4a4c87925ce34f45c/Determining%20the%20Activation%20Energy%20of%20Complex%20React%2075b4103b952f4cd8992d1dc48cec1faf.md,"Wiki%20Page%20Storage%207a886a301e234ae4a4c87925ce34f45c/Reaction%20Coordinate%201e6630e802fa4f2990c7779384be6529.md, Wiki%20Page%20Storage%207a886a301e234ae4a4c87925ce34f45c/Complex%20or%20Multi-Step%20Reaction%203b729440cad14399b0f6630385080588.md","Aug 22, 2020 6:24 PM",Soutrik das,
"Reaction Coordinate ",chemistry,"Wiki%20Page%20Storage%207a886a301e234ae4a4c87925ce34f45c/RDS-Rate%20Determining%20Step%202a3d4e6956d64d1dbf54b95eaab6bfc0.md, Wiki%20Page%20Storage%207a886a301e234ae4a4c87925ce34f45c/Intermediate%20v%20s%20Transition%20State%201393c38934a44043b5d38e701918b3e0.md, Wiki%20Page%20Storage%207a886a301e234ae4a4c87925ce34f45c/Hammond's%20Postulate%20af25b91f7adb4392bbf7f457fba353dc.md, Wiki%20Page%20Storage%207a886a301e234ae4a4c87925ce34f45c/E_1%20v%20s%20E_2%20Elimination%20Reaction%20978a2721ce7147dca0d2cfc66a7114a6.md","Wiki%20Page%20Storage%207a886a301e234ae4a4c87925ce34f45c/Chemical%20Kinetics%206115c5ceead24fa2962cffcea31cdf68.md, Wiki%20Page%20Storage%207a886a301e234ae4a4c87925ce34f45c/Thermodynamics%209da00a94568c4336811d10e519fc1adc.md","Oct 9, 2020 9:15 PM",Soutrik das,
Degrees of Freedom,"chemistry, physics",,,"Aug 22, 2020 8:01 AM",Soutrik das,
Determining the Activation Energy of Complex Reactions,chemistry,Wiki%20Page%20Storage%207a886a301e234ae4a4c87925ce34f45c/Writing%20Rate%20Law%20of%20Complex%20Reactions%20v%20s%20Simple%20R%202924505dd0f14129ad2e13c23aa928bc.md,Wiki%20Page%20Storage%207a886a301e234ae4a4c87925ce34f45c/RDS-Rate%20Determining%20Step%202a3d4e6956d64d1dbf54b95eaab6bfc0.md,"Aug 24, 2020 9:46 PM",Soutrik das,
"Writing Rate Law of Complex Reactions v/s Simple Reactions ",chemistry,,Wiki%20Page%20Storage%207a886a301e234ae4a4c87925ce34f45c/Determining%20the%20Activation%20Energy%20of%20Complex%20React%2075b4103b952f4cd8992d1dc48cec1faf.md,"Aug 27, 2020 1:59 PM",Soutrik das,
Chemical Kinetics vid 11,chemistry,"Wiki%20Page%20Storage%207a886a301e234ae4a4c87925ce34f45c/Molecularity%2071a39fafb49849cea45265856083e9c4.md, Wiki%20Page%20Storage%207a886a301e234ae4a4c87925ce34f45c/Elementary%20or%20Single%20Step%20Reaction%201b51c9f540e4451982752ea00c75375c.md, Wiki%20Page%20Storage%207a886a301e234ae4a4c87925ce34f45c/Complex%20or%20Multi-Step%20Reaction%203b729440cad14399b0f6630385080588.md",,"Aug 24, 2020 9:46 PM",Soutrik das,
Complex or Multi-Step Reaction,chemistry,Wiki%20Page%20Storage%207a886a301e234ae4a4c87925ce34f45c/RDS-Rate%20Determining%20Step%202a3d4e6956d64d1dbf54b95eaab6bfc0.md,Wiki%20Page%20Storage%207a886a301e234ae4a4c87925ce34f45c/Chemical%20Kinetics%20vid%2011%2053cd7ab7366d434a9d24500cdab1107a.md,"Aug 24, 2020 9:46 PM",Soutrik das,
Elementary or Single Step Reaction,chemistry,,"Wiki%20Page%20Storage%207a886a301e234ae4a4c87925ce34f45c/Molecularity%2071a39fafb49849cea45265856083e9c4.md, Wiki%20Page%20Storage%207a886a301e234ae4a4c87925ce34f45c/Chemical%20Kinetics%20vid%2011%2053cd7ab7366d434a9d24500cdab1107a.md","Aug 24, 2020 9:46 PM",Soutrik das,
Molecularity,chemistry,"Wiki%20Page%20Storage%207a886a301e234ae4a4c87925ce34f45c/Elementary%20or%20Single%20Step%20Reaction%201b51c9f540e4451982752ea00c75375c.md, Wiki%20Page%20Storage%207a886a301e234ae4a4c87925ce34f45c/Order%20(Chemistry)%200e3bfebe8b74420ebd803c8e10b1206f.md",Wiki%20Page%20Storage%207a886a301e234ae4a4c87925ce34f45c/Chemical%20Kinetics%20vid%2011%2053cd7ab7366d434a9d24500cdab1107a.md,"Aug 26, 2020 9:09 AM",Sachin Sadhwani,
$\int_1^e \cfrac{\pi \cos{(\pi \ln x)}}{x}dx$,"maths, question",,Wiki%20Page%20Storage%207a886a301e234ae4a4c87925ce34f45c/Integration%201312c408a8a94e6ab99b42c3b72c371c.md,"Oct 9, 2020 9:21 PM",Soutrik das,
Writing Techniques,,,,"Sep 30, 2020 9:48 PM",Soutrik das,
Types of Chemical Reactions,chemistry,,,"Aug 23, 2020 1:13 PM",Soutrik das,
Equilibrium Constant ( Decay Constant),"chemistry, physics",,,"Aug 25, 2020 1:55 PM",Soutrik das,
Order (Chemistry),chemistry,,Wiki%20Page%20Storage%207a886a301e234ae4a4c87925ce34f45c/Molecularity%2071a39fafb49849cea45265856083e9c4.md,"Aug 24, 2020 9:46 PM",Soutrik das,
Gibbs Free Energy,,,,"Aug 24, 2020 7:53 PM",Soutrik das,
"Polar Coordinates ",maths,,,"Aug 24, 2020 9:45 PM",Soutrik das,
Arrhenius equation,chemistry,,,"Aug 24, 2020 9:48 PM",Soutrik das,
Magnetic North Pole v/s Geomagnetic North Pole,physics,,Wiki%20Page%20Storage%207a886a301e234ae4a4c87925ce34f45c/Magnetism%2044758a8789a747ddb56b2e42e99d3a7f.md,"Oct 9, 2020 9:23 PM",Soutrik das,
"Normality , Molality , Molarity , Formality",chemistry,,,"Aug 25, 2020 7:21 PM",Soutrik das,
Exact Differentials,,,,"Aug 25, 2020 7:28 PM",Soutrik das,
"Two uncharged identical Capacitors A and B , each of Capacitance C, and an inductor of inductance L are arranged as shown in the adjacent figure. At t=0, the switch S1 (left) is closed while the switch S2 (right) remains open. At time t= $t_0=\sqrt{LC\pi /2}$ ,  switch $S_2$ is closed hwile $S_1$ is opened ",question,,Wiki%20Page%20Storage%207a886a301e234ae4a4c87925ce34f45c/Capacitance%20caeded92469e47e098a21d1ef36e2d0c.md,"Oct 9, 2020 9:24 PM",Soutrik das,
"Differential Equation ",maths,Wiki%20Page%20Storage%207a886a301e234ae4a4c87925ce34f45c/x%5E2(y-x%20frac%7Bdy%7D%7Bdx%7D)=y(%20frac%7Bdy%7D%7Bdx%7D)%5E2%20b4bfda23f40946ed84e1275236a55064.md,,"Sep 26, 2020 12:28 PM",Soutrik das,
Numerical Methods in Engineering With Python by Jaan Kiusalaas (http://z-lib.org/),book,,"Wiki%20Page%20Storage%207a886a301e234ae4a4c87925ce34f45c/Books%20c09fa9d40bfa499ba9545c5017dd2010.md, Wiki%20Page%20Storage%207a886a301e234ae4a4c87925ce34f45c/Python%20py%2037f8f5b26a314016a6c73e8e8340af98.md","Oct 9, 2020 9:34 PM",Soutrik das,
Limits  (LCD),maths,Wiki%20Page%20Storage%207a886a301e234ae4a4c87925ce34f45c/Taylor%20Series%20cbefba1c98e046edb65e62571f7699b6.md,,"Aug 30, 2020 1:17 PM",Soutrik das,
Differentiation,maths,,,"Aug 30, 2020 1:17 PM",Soutrik das,
Integration,maths,"Wiki%20Page%20Storage%207a886a301e234ae4a4c87925ce34f45c/Copy%20of%20Partial%20Fractions%2074642fd1e861448db8464aa44afce110.md, Wiki%20Page%20Storage%207a886a301e234ae4a4c87925ce34f45c/Copy%20of%20Approximation%20(%20ge%20or%20le)%20in%20Definite%20Inte%2052495e175a114a7ebf6dda4f36b92523.md, Wiki%20Page%20Storage%207a886a301e234ae4a4c87925ce34f45c/Copy%20of%20Improper%20Integral%209e99ca6a96ef42d8a73829e1c0f36f6b.md, Wiki%20Page%20Storage%207a886a301e234ae4a4c87925ce34f45c/Copy%20of%20Approximation%20(Odd%20or%20Even)%20in%20Definite%20In%209734f20c38d34d299a13e3864a2ba175.md, Wiki%20Page%20Storage%207a886a301e234ae4a4c87925ce34f45c/Copy%20of%20Leibnitz%20theorem%20for%20Explicit%20Functions%201ab06d4cdca040cdbef8570c09e1852e.md, Wiki%20Page%20Storage%207a886a301e234ae4a4c87925ce34f45c/int_1%5Ee%20cfrac%7B%20pi%20cos%7B(%20pi%20ln%20x)%7D%7D%7Bx%7Ddx%2066742ef2ac49413490e75c3aa2e8ec72.md, Wiki%20Page%20Storage%207a886a301e234ae4a4c87925ce34f45c/Copy%20of%20Integral%20as%20a%20Limit%20of%20a%20Sum%206a1d3c293a874b248f831721a974d593.md, Wiki%20Page%20Storage%207a886a301e234ae4a4c87925ce34f45c/Copy%20of%20Approximation%20in%20Definite%20Integration%20c4ad219b288b4f5fb91c794580b729fc.md",,"Oct 10, 2020 7:15 PM",Soutrik das,
"Taylor Series ",maths,,Wiki%20Page%20Storage%207a886a301e234ae4a4c87925ce34f45c/Limits%20(LCD)%201be0e0236fd64fccb79118584023eb4a.md,"Aug 30, 2020 1:18 PM",Soutrik das,
BlackBook,question book,,,"Aug 26, 2020 12:24 PM",Soutrik das,
Tags,,,,"Oct 10, 2020 7:12 PM",Soutrik das,
100 Integrals BlackpenRedPen,question book,"Wiki%20Page%20Storage%207a886a301e234ae4a4c87925ce34f45c/Copy%20of%202%20int_0%5E1%20frac%7B%20tan%20%5E%7B-1%7D%20x%7D%7Bx%7D%20dx%2020148cd5cf0e4c0c90fdd658cafdadf7.md, Wiki%20Page%20Storage%207a886a301e234ae4a4c87925ce34f45c/Copy%20of%202%20int_0%5E%20frac1%7B%20sqrt%202%7D%20frac%7B%20sin%5E%7B-1%7D%20x%7Dx%20852a62b9fbc34efea44c5afbe84aeaa7.md, Wiki%20Page%20Storage%207a886a301e234ae4a4c87925ce34f45c/Copy%20of%20int%20sec%5E3%7Bx%7Ddx%208b1bd6d8fe6a417582e858b0f46ad9d2.md, Wiki%20Page%20Storage%207a886a301e234ae4a4c87925ce34f45c/Copy%20of%20int%20sin%7Bx%7D%20sec%7B%20x%7D%20tan%7Bx%7D%20dx%2014dbd9994b9d4ecea017a487b6996c21.md, Wiki%20Page%20Storage%207a886a301e234ae4a4c87925ce34f45c/Copy%20of%20int%20sin%5E3x%20cdot%20cos%5E2x%20dx%201a1f8d20a18c42ac83532205c0d7b579.md, Wiki%20Page%20Storage%207a886a301e234ae4a4c87925ce34f45c/Copy%20of%20int%20frac%7B1%7D%7Bx%5E2%20sqrt%7Bx%5E2+1%7D%7D%206f6430c410964d74a228222f329224c5.md, Wiki%20Page%20Storage%207a886a301e234ae4a4c87925ce34f45c/Copy%20of%20int%20cot%5E5%20x%20quad%20dx%20f180139dfe9a4bc9be1f1160bae37fe0.md, Wiki%20Page%20Storage%207a886a301e234ae4a4c87925ce34f45c/Copy%20of%20int%20frac%7B3%7D%7Bx%5E2+4x+29%7D%20quad%20dx%2065941b6513b046e490bb724b1a72a4bc.md, Wiki%20Page%20Storage%207a886a301e234ae4a4c87925ce34f45c/Copy%20of%20int%20left(%20x+%20frac1x%20right)%5E2%20dx%20b9b646b8e57f48409745dc669b64d83e.md, Wiki%20Page%20Storage%207a886a301e234ae4a4c87925ce34f45c/Copy%20of%20int%20x%20sin%5E2%20x%20quad%20dx%20b1f9e2fe23894302b67c7d95635ca49c.md, Wiki%20Page%20Storage%207a886a301e234ae4a4c87925ce34f45c/Copy%20of%20int%20frac%7B1%7D%7Bx%5E3+1%7D%20dx%20c1c041a3e8e74741b1f67dcfdf4c4ad5.md, Wiki%20Page%20Storage%207a886a301e234ae4a4c87925ce34f45c/Copy%20of%20int%20cos%5E2%20(2x)%20quad%20dx%209cbf2c2198e54030a32f85700fe4ebef.md, Wiki%20Page%20Storage%207a886a301e234ae4a4c87925ce34f45c/Copy%20of%20int%20frac%7B2%20sin%20x%7D%7B%20sin%20(2x)%7D%20quad%20dx%20dc2b3f76f40a45afb5dc4d9ba0cc92da.md, Wiki%20Page%20Storage%207a886a301e234ae4a4c87925ce34f45c/Copy%20of%20int%20frac%7Bx%20sin%5E%7B-1%7Dx%7D%7B%20sqrt%7B1-x%5E2%7D%7D%20029c26c837f8420aae7d470864c4c3a9.md, Wiki%20Page%20Storage%207a886a301e234ae4a4c87925ce34f45c/Copy%20of%20int%20frac%7B%20sin%20x%7D%7B%20sec%20%5E%7B2019%7D%20x%7D%20dx%200eb4ed9ff9b742f4a056d265116910ab.md, Wiki%20Page%20Storage%207a886a301e234ae4a4c87925ce34f45c/Copy%20of%20int%20frac1%7Bx+%20sqrt%20x%7D%20dx%205b744a97d0c04dc9bbe66d3c06d5e5d0.md, Wiki%20Page%20Storage%207a886a301e234ae4a4c87925ce34f45c/Copy%20of%20int%20frac1%7B%20sqrt%7Be%5Ex%7D%7D%20dx%2045a33adada2f40f4985d26cd08f606c2.md, Wiki%20Page%20Storage%207a886a301e234ae4a4c87925ce34f45c/Copy%20of%20frac%7Be%5Ex%20sqrt%7Be%5Ex-1%7D%20%7D%7Be%5Ex+3%7D%2057801bb3b19a4273b3d2138d78a764fe.md, Wiki%20Page%20Storage%207a886a301e234ae4a4c87925ce34f45c/Copy%20of%20int%20frac%7B%20cos%20x%7D%7B%20sin%5E2%20x-5%20sin%20x%20-6%7D%20dx%20fd1c62ef8ea3481290747423d83c9c4c.md, Wiki%20Page%20Storage%207a886a301e234ae4a4c87925ce34f45c/Copy%20of%20int%20cosec%5E3%20x%20sec%20x%20dx%20be29c8415e9d4228ac3cc442b017ab63.md, Wiki%20Page%20Storage%207a886a301e234ae4a4c87925ce34f45c/Copy%20of%20(Q4)%20int(%20x+e%5Ex)%5E2%20dx%20ff6e236ce0e64cc1b426b51b5d20708f.md, Wiki%20Page%20Storage%207a886a301e234ae4a4c87925ce34f45c/Copy%20of%20(Q3)%20int%20frac%7Bx%5E2+1%7D%7Bx%5E4-x%5E2+1%7D%20dx%207cc1a6d3d1c144ada5819a9e958d1d86.md, Wiki%20Page%20Storage%207a886a301e234ae4a4c87925ce34f45c/Copy%20of%20(Q2)%20int%20frac%7B%20cos%7B2x%7D%7D%7B%20sin%20x+%20cos%20x%7D%20cdo%20bf868af64cfe4d8ebaa5b315336dbdba.md, Wiki%20Page%20Storage%207a886a301e234ae4a4c87925ce34f45c/Copy%20of%20(Q1%20)%20int%20tan%20%5E5x%20sec%5E3%20x%20dx%205c97ae4795754c64bd789f365750ee5f.md",,"Aug 26, 2020 12:56 PM",Soutrik das,
Copy of Rotating Disk in a magnetic Field with a hanging weight reaches a fixed $\omega$,question,,,"Aug 26, 2020 12:34 PM",Soutrik das,
Copy of Tilted Mirror Problem JEE ADV 2016 p2,question,,,"Aug 26, 2020 12:33 PM",Soutrik das,
"Copy of  In a radioactive sample, $^{40} _{19}K$ nuclei either decay into stable $^{40}_{20} Ca$ nuclei with decay
constant","adv, physics, question",,Wiki%20Page%20Storage%207a886a301e234ae4a4c87925ce34f45c/JEE%20ADV%202019%20paper%201%206e969e4fdf724b4eba045ad8c9ac0feb.md,"Sep 23, 2020 2:32 PM",Soutrik das,
Copy of Capillary Tube problem,"physics, question",,,"Aug 26, 2020 12:55 PM",Soutrik das,
"Copy of A current carrying wire heats a metal rod. The wire provides a constant power (P) to the
rod.",question,,,"Aug 26, 2020 12:33 PM",Soutrik das,
"Copy of A thin spherical insulating shell of radius R carries a uniformly distributed charge such that
the potential at its surface is V0",question,,,"Aug 26, 2020 12:33 PM",Soutrik das,
"Copy of Consider a spherical gaseous cloud of mass density p(r) in free space where r is the radial
distance from its center.",question,,,"Aug 26, 2020 12:33 PM",Soutrik das,
Copy of Block Climbing on a Movable wedge Problem,"physics, question",,,"Aug 26, 2020 12:55 PM",Soutrik das,
"Copy of From What Minimum Height must the Spring be dropped  ","physics, question",,,"Aug 26, 2020 12:55 PM",Soutrik das,
Copy of $\int_0^1 \left[ \frac{ 1}{x}\right] \left[ \frac{1}{1-x} \right] \left[ 1-\frac{1}{x}\right]dx$,"maths, question",,,"Aug 26, 2020 12:55 PM",Soutrik das,
"Copy of A random variable Xhas the following probability distribution:
$X: \quad 1 \quad 2 \quad 3 \quad 4 \quad 5$
$P(X): K^{2} \quad 2 K \quad K \quad 2 K \quad 5 K^{2}$
Then $P(X>2)$ is equal to :
(A) $\frac{23}{36}$
(B) $\frac{7}{12}$
(C) $\frac{1}{36}$
(D) $\frac{1}{6}$","maths, question",,,"Aug 26, 2020 12:55 PM",Soutrik das,
"Copy of If the sides of a triangle are 5,6 and 7 units, then the ex-radii of the tringle are in AP ,GP,HP,nota?","maths, question",,,"Aug 26, 2020 12:55 PM",Soutrik das,
"Copy of The sum of all real values of $k$ for which$\tan \left(\tan ^{-1} 2+\tan ^{-1} 20 k\right)=k$, is","maths, question",,,"Aug 26, 2020 12:55 PM",Soutrik das,
Copy of $\int_{0}^{\pi / 2} \cos \left(\pi \sin ^{2} x\right) d x=$,"maths, question",,,"Aug 26, 2020 12:55 PM",Soutrik das,
"Copy of The greatest term in the expansion of $(1+x)^{10}$
when $x=\frac{2}{3}$ is","maths, question",,,"Aug 26, 2020 12:55 PM",Soutrik das,
"Copy of If $a^{2}+b^{2}+c^{2}=1$ then $a b+b c+c a$ lies in the interval $(a, b, c \in R)$","maths, question",,,"Aug 26, 2020 12:55 PM",Soutrik das,
Copy of What can you understand from this quadratic graph ?,"maths, question",,,"Aug 26, 2020 12:54 PM",Soutrik das,
"Copy of A flask contains a mixture of isohexane and 3 -methylpentane. One of the liquids boils at 63°C while the other boils at 60°C. What is the best way to seperate the two liquids and which one will be distilled out first? ","chemistry, question",,,"Aug 26, 2020 12:54 PM",Soutrik das,
Copy of The magnitude of work done by a gas that undergoes  reversible reaction along path ABC shown in the figure is ___,"chemistry, question",,,"Aug 26, 2020 12:54 PM",Soutrik das,
"Copy of Ferrous Sulphate Heptahydrate such that Iron has 10 ppm in 100kg of wheat ","chemistry, question",,,"Aug 26, 2020 12:54 PM",Soutrik das,
Copy of What happens when you heat Gypsum,"chemistry, question",,,"Aug 26, 2020 12:54 PM",Soutrik das,
"Copy of A circle of area 20 sq. units is centered at point O , suppose $\triangle$ABC is inscribed in that circle and has area 8 sq. units. The central angles are $\alpha$, $\beta$, and  $\gamma$ are as shown in the figure . The value of $(\sin \alpha + \sin \beta + \sin \gamma)$ is equal to ?","maths, question",,,"Aug 26, 2020 12:54 PM",Soutrik das,
Copy of $2\int_0^1 \frac{\tan ^{-1} x}{x} dx$,"maths, question",,Wiki%20Page%20Storage%207a886a301e234ae4a4c87925ce34f45c/100%20Integrals%20BlackpenRedPen%20e8f460e07c904de0b02abe1066b64353.md,"Aug 26, 2020 12:53 PM",Soutrik das,
Copy of $2\int_0^\frac1{\sqrt 2} \frac{\sin^{-1} x}x dx- \int_0^1 \frac{\tan^{-1} x}x dx$,"maths, question",,Wiki%20Page%20Storage%207a886a301e234ae4a4c87925ce34f45c/100%20Integrals%20BlackpenRedPen%20e8f460e07c904de0b02abe1066b64353.md,"Aug 26, 2020 12:53 PM",Soutrik das,
Copy of $\int \sec^3{x}dx$,"maths, question",,Wiki%20Page%20Storage%207a886a301e234ae4a4c87925ce34f45c/100%20Integrals%20BlackpenRedPen%20e8f460e07c904de0b02abe1066b64353.md,"Aug 26, 2020 12:53 PM",Soutrik das,
"Copy of $\int \sin{x} \sec{ x}\tan{x}   \ dx$ ","maths, question",,Wiki%20Page%20Storage%207a886a301e234ae4a4c87925ce34f45c/100%20Integrals%20BlackpenRedPen%20e8f460e07c904de0b02abe1066b64353.md,"Aug 26, 2020 12:53 PM",Soutrik das,
Copy of $\int \sin^3x \cdot \cos^2x \ dx$,"maths, question",,Wiki%20Page%20Storage%207a886a301e234ae4a4c87925ce34f45c/100%20Integrals%20BlackpenRedPen%20e8f460e07c904de0b02abe1066b64353.md,"Aug 26, 2020 12:53 PM",Soutrik das,
Copy of $\int \frac{1}{x^2 \sqrt{x^2+1}}$,"maths, question",,Wiki%20Page%20Storage%207a886a301e234ae4a4c87925ce34f45c/100%20Integrals%20BlackpenRedPen%20e8f460e07c904de0b02abe1066b64353.md,"Aug 26, 2020 12:53 PM",Soutrik das,
Copy of $\int \cot^5 x \quad dx$,"maths, question",,Wiki%20Page%20Storage%207a886a301e234ae4a4c87925ce34f45c/100%20Integrals%20BlackpenRedPen%20e8f460e07c904de0b02abe1066b64353.md,"Aug 26, 2020 12:53 PM",Soutrik das,
Copy of $\int \frac{3}{x^2+4x+29} \quad dx$,"maths, question",,Wiki%20Page%20Storage%207a886a301e234ae4a4c87925ce34f45c/100%20Integrals%20BlackpenRedPen%20e8f460e07c904de0b02abe1066b64353.md,"Aug 26, 2020 12:53 PM",Soutrik das,
Copy of $\int \left( x+\frac1x  \right)^2 dx$,"maths, question",,Wiki%20Page%20Storage%207a886a301e234ae4a4c87925ce34f45c/100%20Integrals%20BlackpenRedPen%20e8f460e07c904de0b02abe1066b64353.md,"Aug 26, 2020 12:53 PM",Soutrik das,
Copy of $\int x \sin^2 x \quad dx$,"maths, question",,Wiki%20Page%20Storage%207a886a301e234ae4a4c87925ce34f45c/100%20Integrals%20BlackpenRedPen%20e8f460e07c904de0b02abe1066b64353.md,"Aug 26, 2020 12:53 PM",Soutrik das,
Copy of $\int \frac{1}{x^3+1} dx$,"maths, question",,Wiki%20Page%20Storage%207a886a301e234ae4a4c87925ce34f45c/100%20Integrals%20BlackpenRedPen%20e8f460e07c904de0b02abe1066b64353.md,"Aug 26, 2020 12:53 PM",Soutrik das,
Copy of $\int \cos^2 (2x) \quad dx$,"maths, question",,Wiki%20Page%20Storage%207a886a301e234ae4a4c87925ce34f45c/100%20Integrals%20BlackpenRedPen%20e8f460e07c904de0b02abe1066b64353.md,"Aug 26, 2020 12:53 PM",Soutrik das,
Copy of $\int \frac{2\sin x}{\sin (2x)} \quad dx$,"maths, question",,Wiki%20Page%20Storage%207a886a301e234ae4a4c87925ce34f45c/100%20Integrals%20BlackpenRedPen%20e8f460e07c904de0b02abe1066b64353.md,"Aug 26, 2020 12:53 PM",Soutrik das,
Copy of $\int \frac{x \sin^{-1}x}{\sqrt{1-x^2}}$,"maths, question",,Wiki%20Page%20Storage%207a886a301e234ae4a4c87925ce34f45c/100%20Integrals%20BlackpenRedPen%20e8f460e07c904de0b02abe1066b64353.md,"Aug 26, 2020 12:53 PM",Soutrik das,
Copy of $\int \frac{\sin x}{\sec ^{2019} x} dx$,"maths, question",,Wiki%20Page%20Storage%207a886a301e234ae4a4c87925ce34f45c/100%20Integrals%20BlackpenRedPen%20e8f460e07c904de0b02abe1066b64353.md,"Aug 26, 2020 12:53 PM",Soutrik das,
Copy of $\int \frac1{x+\sqrt x} \ dx$,"maths, question",,Wiki%20Page%20Storage%207a886a301e234ae4a4c87925ce34f45c/100%20Integrals%20BlackpenRedPen%20e8f460e07c904de0b02abe1066b64353.md,"Aug 26, 2020 12:53 PM",Soutrik das,
Copy of $\int \frac1{\sqrt{e^x}} \ dx$,"maths, question",,Wiki%20Page%20Storage%207a886a301e234ae4a4c87925ce34f45c/100%20Integrals%20BlackpenRedPen%20e8f460e07c904de0b02abe1066b64353.md,"Aug 26, 2020 12:53 PM",Soutrik das,
Copy of $\frac{e^x \sqrt{e^x-1} }{e^x+3}$,"maths, question",,Wiki%20Page%20Storage%207a886a301e234ae4a4c87925ce34f45c/100%20Integrals%20BlackpenRedPen%20e8f460e07c904de0b02abe1066b64353.md,"Aug 26, 2020 12:53 PM",Soutrik das,
Copy of $\int \frac{\cos x}{\sin^2 x-5\sin x -6} \ dx$,"maths, question",,Wiki%20Page%20Storage%207a886a301e234ae4a4c87925ce34f45c/100%20Integrals%20BlackpenRedPen%20e8f460e07c904de0b02abe1066b64353.md,"Aug 26, 2020 12:53 PM",Soutrik das,
Copy of $\int \cosec^3 x \sec x \ dx$,"maths, question",,Wiki%20Page%20Storage%207a886a301e234ae4a4c87925ce34f45c/100%20Integrals%20BlackpenRedPen%20e8f460e07c904de0b02abe1066b64353.md,"Aug 26, 2020 12:53 PM",Soutrik das,
Copy of (Q4) $\int( x+e^x)^2 \ dx$,"maths, question",,Wiki%20Page%20Storage%207a886a301e234ae4a4c87925ce34f45c/100%20Integrals%20BlackpenRedPen%20e8f460e07c904de0b02abe1066b64353.md,"Aug 26, 2020 12:53 PM",Soutrik das,
Copy of (Q3) $\int \frac{x^2+1}{x^4-x^2+1} \ dx$,"maths, question",,Wiki%20Page%20Storage%207a886a301e234ae4a4c87925ce34f45c/100%20Integrals%20BlackpenRedPen%20e8f460e07c904de0b02abe1066b64353.md,"Aug 26, 2020 12:53 PM",Soutrik das,
Copy of (Q2) $\int\frac{\cos{2x}}{\sin x+\cos x}\cdot dx$,"maths, question",,Wiki%20Page%20Storage%207a886a301e234ae4a4c87925ce34f45c/100%20Integrals%20BlackpenRedPen%20e8f460e07c904de0b02abe1066b64353.md,"Aug 26, 2020 12:53 PM",Soutrik das,
Copy of (Q1.) $\int \tan ^5x \ \sec^3 x \  dx$,"maths, question",,Wiki%20Page%20Storage%207a886a301e234ae4a4c87925ce34f45c/100%20Integrals%20BlackpenRedPen%20e8f460e07c904de0b02abe1066b64353.md,"Aug 26, 2020 12:53 PM",Soutrik das,
"Copy of $f:R \to R$ , $f(x)=x+\sin x$ then value of $\int^{2\pi}_0{f^{-1}(x)dx}$","maths, question",,,"Aug 26, 2020 12:53 PM",Soutrik das,
Copy of Formulae of Integrations,maths,,,"Aug 26, 2020 12:53 PM",Soutrik das,
Copy of All Possible Selections,maths,,,"Aug 26, 2020 12:53 PM",Soutrik das,
Copy of Circular Permutations,maths,,,"Aug 26, 2020 12:53 PM",Soutrik das,
Copy of Properties of $^nC_r$,maths,,,"Aug 26, 2020 12:53 PM",Soutrik das,
Copy of Exponent of Prime in Factorial,maths,,,"Aug 26, 2020 12:53 PM",Soutrik das,
"Copy of Gamma Function ",maths,,,"Aug 26, 2020 12:53 PM",Soutrik das,
Copy of Approximation  in Definite Integration,maths,,Wiki%20Page%20Storage%207a886a301e234ae4a4c87925ce34f45c/Integration%201312c408a8a94e6ab99b42c3b72c371c.md,"Oct 9, 2020 9:20 PM",Soutrik das,
Wedge Dash To Fischer and reverse,chemistry,,Wiki%20Page%20Storage%207a886a301e234ae4a4c87925ce34f45c/Isomerism%20d75a5631e5684c1da41117e185066ac9.md,"Sep 25, 2020 11:04 AM",Soutrik das,
Copy of How does hybridization work ?,chemistry,,,"Aug 26, 2020 12:52 PM",Soutrik das,
"Copy of Gradient ",maths,,,"Aug 26, 2020 12:52 PM",Soutrik das,
Copy of Derangements,maths,,,"Aug 26, 2020 12:52 PM",Soutrik das,
Copy of Parts per Millions (ppm),chemistry,,,"Aug 26, 2020 12:52 PM",Soutrik das,
Copy of ex radius,maths,,,"Aug 26, 2020 12:52 PM",Soutrik das,
Copy of in radius,maths,,,"Aug 26, 2020 12:52 PM",Soutrik das,
Copy of Leibnitz theorem for Explicit Functions,maths,,Wiki%20Page%20Storage%207a886a301e234ae4a4c87925ce34f45c/Integration%201312c408a8a94e6ab99b42c3b72c371c.md,"Oct 9, 2020 9:20 PM",Soutrik das,
"Copy of Leibnitz Theorem for Implicit Functions ",maths,Wiki%20Page%20Storage%207a886a301e234ae4a4c87925ce34f45c/Consider%20a%20spherical%20gaseous%20cloud%20of%20mass%20density%2015d7cd8b741b472c83d2a848a9025faa.md,,"Aug 26, 2020 12:48 PM",Soutrik das,
Copy of Implicit v/s Explicit Function,maths,,,"Aug 26, 2020 12:48 PM",Soutrik das,
Copy of Approximation ($\ge$ or $\le$) in Definite Integration,maths,,Wiki%20Page%20Storage%207a886a301e234ae4a4c87925ce34f45c/Integration%201312c408a8a94e6ab99b42c3b72c371c.md,"Oct 9, 2020 9:20 PM",Soutrik das,
Copy of Approximation (Odd or Even) in Definite Integration,maths,,Wiki%20Page%20Storage%207a886a301e234ae4a4c87925ce34f45c/Integration%201312c408a8a94e6ab99b42c3b72c371c.md,"Oct 9, 2020 9:20 PM",Soutrik das,
Copy of Improper Integral,maths,,Wiki%20Page%20Storage%207a886a301e234ae4a4c87925ce34f45c/Integration%201312c408a8a94e6ab99b42c3b72c371c.md,"Oct 9, 2020 9:20 PM",Soutrik das,
"Copy of Integral as a Limit of  a Sum ",maths,,Wiki%20Page%20Storage%207a886a301e234ae4a4c87925ce34f45c/Integration%201312c408a8a94e6ab99b42c3b72c371c.md,"Oct 9, 2020 9:20 PM",Soutrik das,
Cardan's Method,maths,,,"Aug 26, 2020 3:52 PM",Soutrik das,
"Copy of Partial Fractions ",maths,,Wiki%20Page%20Storage%207a886a301e234ae4a4c87925ce34f45c/Integration%201312c408a8a94e6ab99b42c3b72c371c.md,"Oct 9, 2020 9:20 PM",Soutrik das,
Basics of Virtual Environment Python,,,Wiki%20Page%20Storage%207a886a301e234ae4a4c87925ce34f45c/Python%20py%2037f8f5b26a314016a6c73e8e8340af98.md,"Oct 9, 2020 9:33 PM",Soutrik das,
Remainder Theorem,maths,,,"Aug 27, 2020 10:56 AM",Soutrik das,
Complex Numbers,"chapter, maths","Wiki%20Page%20Storage%207a886a301e234ae4a4c87925ce34f45c/Coordinate%20Geometry%206c24e8c54553431cbdb416a2da860633.md, Wiki%20Page%20Storage%207a886a301e234ae4a4c87925ce34f45c/Let%20s,t,r%20be%20non-zero%20complex%20numbers%20and%20L%20be%20the%204f76b81aceb34603a2a2f03500d69d5e.md",,"Oct 9, 2020 9:44 PM",Soutrik das,
$x^2(y-x \frac{dy}{dx})=y(\frac{dy}{dx})^2$,"maths, question",,Wiki%20Page%20Storage%207a886a301e234ae4a4c87925ce34f45c/Differential%20Equation%20140b16dfa0854772803fa71633eb3ff2.md,"Aug 27, 2020 3:19 PM",Soutrik das,
JEE ADV 2018 Paper 2,,"Wiki%20Page%20Storage%207a886a301e234ae4a4c87925ce34f45c/Let%20s,t,r%20be%20non-zero%20complex%20numbers%20and%20L%20be%20the%204f76b81aceb34603a2a2f03500d69d5e.md",Wiki%20Page%20Storage%207a886a301e234ae4a4c87925ce34f45c/Question%20Papers%20e41e44befa374fa5bb921baeb9700a13.md,"Oct 9, 2020 9:47 PM",Soutrik das,
JEE ADV 2019 paper 2,,,Wiki%20Page%20Storage%207a886a301e234ae4a4c87925ce34f45c/Question%20Papers%20e41e44befa374fa5bb921baeb9700a13.md,"Oct 9, 2020 9:47 PM",Soutrik das,
Home Page,,,,"Aug 30, 2020 1:02 PM",Soutrik das,
Optics,,"Wiki%20Page%20Storage%207a886a301e234ae4a4c87925ce34f45c/Concave%20v%20s%20Convex%20e158c7e95e5542e8941bd3b43c191a5b.md, Wiki%20Page%20Storage%207a886a301e234ae4a4c87925ce34f45c/A%20thin%20convex%20lens%20is%20made%20of%20two%20materials%20with%20r%205684d9a522eb4c5e88d1c99f3010110e.md",,"Sep 24, 2020 2:31 PM",Soutrik das,
"Concave v/s Convex ","doubt, physics",,"Wiki%20Page%20Storage%207a886a301e234ae4a4c87925ce34f45c/Fluid%20Statics%20(%20Hydrostatics%20)%2081f1af117a754b2c990c63bc2ee42d1b.md, Wiki%20Page%20Storage%207a886a301e234ae4a4c87925ce34f45c/Optics%209bb9f3e50d454a969522b72343c81b20.md","Sep 26, 2020 3:10 PM",Soutrik das,
"A cylindrical capillary tube of $0.2 mm$ radius is made by joining two capillaries T1 and T2 of different materials having water contact angles of $0\degree$ and $60\degree$, respectively. The capillary tube is dipped vertically in water in two different configurations, case I and II as shown in figure. Which of the following option(s) is(are) correct?","adv, doubt cleared, physics, question",,"Wiki%20Page%20Storage%207a886a301e234ae4a4c87925ce34f45c/JEE%20ADV%202019%20paper%201%206e969e4fdf724b4eba045ad8c9ac0feb.md, Wiki%20Page%20Storage%207a886a301e234ae4a4c87925ce34f45c/Fluid%20Statics%20(%20Hydrostatics%20)%2081f1af117a754b2c990c63bc2ee42d1b.md, Wiki%20Page%20Storage%207a886a301e234ae4a4c87925ce34f45c/Recordable%20684983d3dc7542b29a3396af15f18c15.md","Oct 10, 2020 7:05 PM",Soutrik das,
Blender,,,,"Oct 14, 2020 2:21 PM",Soutrik das,
"A charged shell of radius $R$ carries a total charge $Q$. Given $\Phi$ as the flux of electric field through a closed cylindrical surface of $h$, radius $r$ and with its center same as that of the shell. Here, center of the cylinder is a point on the axis of the cylinder which is equidistanc from its top and bottom surfaces. ","adv, physics, question",,Wiki%20Page%20Storage%207a886a301e234ae4a4c87925ce34f45c/JEE%20ADV%202019%20paper%201%206e969e4fdf724b4eba045ad8c9ac0feb.md,"Sep 24, 2020 1:36 PM",Soutrik das,
Gatsby.js,,,"Wiki%20Page%20Storage%207a886a301e234ae4a4c87925ce34f45c/Libraries%20Frameworks%203ca2a70d57044c5f9f825e715002487c.md, Wiki%20Page%20Storage%207a886a301e234ae4a4c87925ce34f45c/JavaScript%20(js)%205d333253d0494518836c9919601069d3.md","Nov 17, 2020 8:43 PM",Soutrik das,
"In the circuit shown, initially there is no charge on capacitors and keys $S_1$ and $S_2$ are open. The values of the capacitors are $C_1=10 \mu F$, $C_2=30 \mu F$, $C_3=C_4=80 \mu F$. Which statement(s) is correct?","adv, physics, question",,"Wiki%20Page%20Storage%207a886a301e234ae4a4c87925ce34f45c/Capacitance%20caeded92469e47e098a21d1ef36e2d0c.md, Wiki%20Page%20Storage%207a886a301e234ae4a4c87925ce34f45c/JEE%20ADV%202019%20paper%201%206e969e4fdf724b4eba045ad8c9ac0feb.md","Sep 24, 2020 1:36 PM",Soutrik das,
$V=\int \vec x \cdot d \vec l$ when x is constant becomes $V=x\int d\vec l$,"maths, physics",,,"Sep 26, 2020 3:10 PM",Soutrik das,
"Some easy EMI questions ",question,,Wiki%20Page%20Storage%207a886a301e234ae4a4c87925ce34f45c/EMI%20810a9cff73044ee68f1f88cb89f6f6ca.md,"Sep 23, 2020 4:30 PM",Soutrik das,
"A conducting wire of parabolic shape, initially $y=x^2$ , is moving with velocity $\vec V=V_0 \hat i$ in a non uniform magnetic field $\vec B=B_0\left( 1+\left( \frac y L \right) ^\beta \right) \hat k$. If $V_0$ , $B_0$, $L$ and $\beta$ are positive constants and $\Delta \phi$ is the potential difference developed between the ends of the wire, then which statement is correct ","adv, physics, question",,"Wiki%20Page%20Storage%207a886a301e234ae4a4c87925ce34f45c/JEE%20ADV%202019%20paper%201%206e969e4fdf724b4eba045ad8c9ac0feb.md, Wiki%20Page%20Storage%207a886a301e234ae4a4c87925ce34f45c/EMI%20810a9cff73044ee68f1f88cb89f6f6ca.md","Sep 23, 2020 5:23 PM",Soutrik das,
"The correct order of acid strength of carboxylic acids ","adv, chemistry, doubt, question",,Wiki%20Page%20Storage%207a886a301e234ae4a4c87925ce34f45c/JEE%20ADV%202019%20paper%201%206e969e4fdf724b4eba045ad8c9ac0feb.md,"Sep 23, 2020 2:32 PM",Soutrik das,
JEE ADV Questions,,,,"Sep 26, 2020 7:41 AM",Soutrik das,
EPASR,,,,"Sep 22, 2020 5:03 PM",Soutrik das,
Centrifugal and Centripetal Force,,,Wiki%20Page%20Storage%207a886a301e234ae4a4c87925ce34f45c/Atomic%20Structure%209f25389bb5e84705b3194a7e4aeb473b.md,"Sep 22, 2020 11:31 AM",Soutrik das,
"Atomic Structure ","chapter, chemistry",Wiki%20Page%20Storage%207a886a301e234ae4a4c87925ce34f45c/Centrifugal%20and%20Centripetal%20Force%2021d343001d034d23be45afa5ef4c47f7.md,,"Sep 22, 2020 12:00 PM",Soutrik das,
"Quantum Numbers ",chemistry,,,"Sep 22, 2020 9:01 AM",Soutrik das,
"The Chemical History of Candle ",,,,"Sep 21, 2020 8:14 PM",Soutrik das,
"CMD ",,,,"Nov 17, 2020 3:27 PM",Soutrik das,
Pointers C++,,,Wiki%20Page%20Storage%207a886a301e234ae4a4c87925ce34f45c/C++%20af78ebe91d7e4bd78a6245cc8bc0e666.md,"Oct 11, 2020 9:15 PM",Soutrik das,
Find Electric Flux when equation of Electric Field is given as $E=E_0(\beta x^2\hat i +2\hat j+15 \hat k)$,"physics, question",,Wiki%20Page%20Storage%207a886a301e234ae4a4c87925ce34f45c/Electric%20Field%20(%20Gauss%20Law%20)%20d957b7fe60664b469168b278edad7ca0.md,"Sep 26, 2020 3:47 PM",Soutrik das,
A current carrying wire heats a metal rod. The wire provides a constant power ($P$) to the rod. The metal rod is enclosed in an insulated container. It is observed that  the temperature $(T)$ in the metal rod changes with time $(t)$as $T(t)=T_0(1+\beta t^{\frac 14})$ where $\beta$ is a constant with appropriate dimension while $T_0$ is a constant with dimension of Temperature. What is the heat capacity of the metal?,"adv, physics, question",,Wiki%20Page%20Storage%207a886a301e234ae4a4c87925ce34f45c/JEE%20ADV%202019%20paper%201%206e969e4fdf724b4eba045ad8c9ac0feb.md,"Sep 23, 2020 2:31 PM",Soutrik das,
A Thin Spherical insulating shell of Radius $R$ carries a uniformly distributed charge  such that the potential at its surface is $V_o$. A hole with a small area $\alpha 4 \pi R^2 (\alpha <<1)$ is made on the shell  without affecting the rest of the shell . Which is correct ?,,,,"Sep 19, 2020 11:11 AM",Soutrik das,
JEE ADV 2019 paper 1,,"Wiki%20Page%20Storage%207a886a301e234ae4a4c87925ce34f45c/Consider%20a%20spherical%20gaseous%20cloud%20of%20mass%20density%2015d7cd8b741b472c83d2a848a9025faa.md, Wiki%20Page%20Storage%207a886a301e234ae4a4c87925ce34f45c/A%20current%20carrying%20wire%20heats%20a%20metal%20rod%20The%20wire%20fbcef34181724aa9807dde75231aef75.md, Wiki%20Page%20Storage%207a886a301e234ae4a4c87925ce34f45c/Copy%20of%20In%20a%20radioactive%20sample,%20%5E%7B40%7D%20_%7B19%7DK%20nucl%20745a354fff4d445b842e1d3baa92b045.md, Wiki%20Page%20Storage%207a886a301e234ae4a4c87925ce34f45c/The%20correct%20order%20of%20acid%20strength%20of%20carboxylic%20a%20d1115d5f1b2b4d9da94ebcf0a4b8a3dc.md, Wiki%20Page%20Storage%207a886a301e234ae4a4c87925ce34f45c/A%20cylindrical%20capillary%20tube%20of%200%202%20mm%20radius%20is%20m%202b54ce7ef00a455592040d1fec07c0a7.md, Wiki%20Page%20Storage%207a886a301e234ae4a4c87925ce34f45c/A%20conducting%20wire%20of%20parabolic%20shape,%20initially%20y=%207a79f0c4003140cf8d95b60ea48bb24c.md, Wiki%20Page%20Storage%207a886a301e234ae4a4c87925ce34f45c/A%20charged%20shell%20of%20radius%20R%20carries%20a%20total%20charge%204f157553c7064ffebba75e31654d4e25.md, Wiki%20Page%20Storage%207a886a301e234ae4a4c87925ce34f45c/In%20the%20circuit%20shown,%20initially%20there%20is%20no%20charge%208e5f10ffb6b346daa9f3f9e216ba0a67.md, Wiki%20Page%20Storage%207a886a301e234ae4a4c87925ce34f45c/One%20mole%20of%20a%20monoatomic%20ideal%20gas%20goes%20through%20a%20%2019f02ca282ee4492b14fc9dcfc9cd179.md, Wiki%20Page%20Storage%207a886a301e234ae4a4c87925ce34f45c/A%20thin%20convex%20lens%20is%20made%20of%20two%20materials%20with%20r%205684d9a522eb4c5e88d1c99f3010110e.md",,"Sep 26, 2020 7:42 AM",Soutrik das,
Technology,,"Wiki%20Page%20Storage%207a886a301e234ae4a4c87925ce34f45c/Embed%20Google%20Photos(not%20gif)%20into%20Notion%209e82190d902a49da85796d3fe9a682fe.md, Wiki%20Page%20Storage%207a886a301e234ae4a4c87925ce34f45c/Embed%20Big%20Gif%20files%20into%20Notion%2095a2e61c7aa543f1bd968b6acff00793.md, Wiki%20Page%20Storage%207a886a301e234ae4a4c87925ce34f45c/Embed%20Codepens%20642b9cc277c747f59d454c85895f29a7.md",Wiki%20Page%20Storage%207a886a301e234ae4a4c87925ce34f45c/Pending%20Review%20Page%20(%20Page%20Tag%20)%206018cebcfa3e42bea458a555246ab302.md,"Oct 9, 2020 9:10 PM",Soutrik das,
Algorithm,cs,"Wiki%20Page%20Storage%207a886a301e234ae4a4c87925ce34f45c/Print%20all%20Combination%20of%20r%20itemrs%20in%20a%20list%20of%20n%20i%20bdb669b41f654006879ef82c950dc944.md, Wiki%20Page%20Storage%207a886a301e234ae4a4c87925ce34f45c/Antti%20Larson%20-%20Guide%20to%20Competitive%20Programming%20C+%20c2e24064f07a426291ab856eb41c3e45.md",,"Oct 13, 2020 8:03 PM",Soutrik das,
Taylor Series Expansion,maths,,,"Oct 2, 2020 7:02 PM",Soutrik das,
Think Stats,book,,"Wiki%20Page%20Storage%207a886a301e234ae4a4c87925ce34f45c/Deep%20Learning%2075523c3ebbed4978aa999d16c0c00da0.md, Wiki%20Page%20Storage%207a886a301e234ae4a4c87925ce34f45c/Books%20c09fa9d40bfa499ba9545c5017dd2010.md, Wiki%20Page%20Storage%207a886a301e234ae4a4c87925ce34f45c/Python%20py%2037f8f5b26a314016a6c73e8e8340af98.md","Oct 9, 2020 9:32 PM",Soutrik das,
"Manim ",maths,,Wiki%20Page%20Storage%207a886a301e234ae4a4c87925ce34f45c/Python%20py%2037f8f5b26a314016a6c73e8e8340af98.md,"Oct 9, 2020 9:33 PM",Soutrik das,
Matrix Determinant (Cookbook),"chapter, maths",,Wiki%20Page%20Storage%207a886a301e234ae4a4c87925ce34f45c/Linear%20Algebra%2065ba3d6a197e4a3185978c1dcf3845be.md,"Oct 2, 2020 3:22 PM",Soutrik das,
"Deep Learning ( Nielsons Book ) ",,Wiki%20Page%20Storage%207a886a301e234ae4a4c87925ce34f45c/Deep%20Learning%2075523c3ebbed4978aa999d16c0c00da0.md,,"Oct 1, 2020 4:27 PM",Soutrik das,
"Diagnosing Neural Networks ","aiml, data science",,Wiki%20Page%20Storage%207a886a301e234ae4a4c87925ce34f45c/Deep%20Learning%2075523c3ebbed4978aa999d16c0c00da0.md,"Oct 1, 2020 3:33 PM",Soutrik das,
Linear Algebra,chapter,Wiki%20Page%20Storage%207a886a301e234ae4a4c87925ce34f45c/Matrix%20Determinant%20(Cookbook)%20064e452271144bcd9eeb92b4668c0e2c.md,Wiki%20Page%20Storage%207a886a301e234ae4a4c87925ce34f45c/Numerical%20Analysis%20d3653cd8f5d34935bd07cd197e0d9a8e.md,"Sep 30, 2020 1:10 PM",Soutrik das,
Excercise,,,,"Oct 8, 2020 11:20 AM",Soutrik das,
Nutrition,,,,"Sep 30, 2020 8:45 AM",Soutrik das,
three.js,,Wiki%20Page%20Storage%207a886a301e234ae4a4c87925ce34f45c/Multivariable%20Calculus%206ce8e7f50891492bad2c6a31d0dbb7e1.md,,"Sep 29, 2020 8:15 PM",Soutrik das,
"Multivariable Calculus ","chapter, maths",,Wiki%20Page%20Storage%207a886a301e234ae4a4c87925ce34f45c/three%20js%202046713f87c64c2da1812a98f8cc20ce.md,"Sep 30, 2020 4:36 PM",Soutrik das,
"Matplotlib ",,,"Wiki%20Page%20Storage%207a886a301e234ae4a4c87925ce34f45c/Deep%20Learning%2075523c3ebbed4978aa999d16c0c00da0.md, Wiki%20Page%20Storage%207a886a301e234ae4a4c87925ce34f45c/Libraries%20Frameworks%203ca2a70d57044c5f9f825e715002487c.md, Wiki%20Page%20Storage%207a886a301e234ae4a4c87925ce34f45c/Python%20py%2037f8f5b26a314016a6c73e8e8340af98.md","Oct 9, 2020 9:33 PM",Soutrik das,
Gauss-Jordan Elimination,maths,,Wiki%20Page%20Storage%207a886a301e234ae4a4c87925ce34f45c/Numerical%20Analysis%20d3653cd8f5d34935bd07cd197e0d9a8e.md,"Sep 29, 2020 4:21 PM",Soutrik das,
LU Decomposition,maths,,Wiki%20Page%20Storage%207a886a301e234ae4a4c87925ce34f45c/Numerical%20Analysis%20d3653cd8f5d34935bd07cd197e0d9a8e.md,"Sep 29, 2020 4:20 PM",Soutrik das,
Gaussian Elimination,maths,,Wiki%20Page%20Storage%207a886a301e234ae4a4c87925ce34f45c/Numerical%20Analysis%20d3653cd8f5d34935bd07cd197e0d9a8e.md,"Sep 29, 2020 4:20 PM",Soutrik das,
Numerical Analysis,"aiml, data science, maths","Wiki%20Page%20Storage%207a886a301e234ae4a4c87925ce34f45c/Gaussian%20Elimination%20db9a562b83654e55977775ee38580604.md, Wiki%20Page%20Storage%207a886a301e234ae4a4c87925ce34f45c/LU%20Decomposition%206d396b33d0354d1ea61513c005a86c73.md, Wiki%20Page%20Storage%207a886a301e234ae4a4c87925ce34f45c/Gauss-Jordan%20Elimination%209b380ad490914edd8970121fa886b69a.md, Wiki%20Page%20Storage%207a886a301e234ae4a4c87925ce34f45c/Linear%20Algebra%2065ba3d6a197e4a3185978c1dcf3845be.md",Wiki%20Page%20Storage%207a886a301e234ae4a4c87925ce34f45c/Deep%20Learning%2075523c3ebbed4978aa999d16c0c00da0.md,"Sep 30, 2020 11:59 AM",Soutrik das,
NumPy,"aiml, data science, maths",,Wiki%20Page%20Storage%207a886a301e234ae4a4c87925ce34f45c/Deep%20Learning%2075523c3ebbed4978aa999d16c0c00da0.md,"Sep 29, 2020 4:45 PM",Soutrik das,
Sublime Text,,,,"Oct 31, 2020 4:50 PM",Soutrik das,
"Deep Learning ","aiml, data science","Wiki%20Page%20Storage%207a886a301e234ae4a4c87925ce34f45c/NumPy%20e8320948215b4ffeb824a8756c7f33cc.md, Wiki%20Page%20Storage%207a886a301e234ae4a4c87925ce34f45c/Numerical%20Analysis%20d3653cd8f5d34935bd07cd197e0d9a8e.md, Wiki%20Page%20Storage%207a886a301e234ae4a4c87925ce34f45c/Matplotlib%203b87d785ac084fa8b00de436bb24b41d.md, Wiki%20Page%20Storage%207a886a301e234ae4a4c87925ce34f45c/Diagnosing%20Neural%20Networks%2017b2dfe8c703496fb9ba83180f8baaf1.md, Wiki%20Page%20Storage%207a886a301e234ae4a4c87925ce34f45c/Think%20Stats%20e488afe492224725ae4c64c54a2b052e.md",Wiki%20Page%20Storage%207a886a301e234ae4a4c87925ce34f45c/Deep%20Learning%20(%20Nielsons%20Book%20)%203b2b8d76d53748e78e6d6c9708b11ea9.md,"Oct 1, 2020 8:07 PM",Soutrik das,
"Regression ","aiml, data science",,,"Sep 28, 2020 7:53 AM",Soutrik das,
"As shown in the figure below the ideal gasses of equal amount substance are enclosed inside cylinders $A$ and $B$ ( $S_A$ and $S_B$ are cross sectional areas ) . the piston in A comes to rest at a distance $L_A$ from A's base, and the piston in B comes to rest at distance $L_B$ from B's base. The absolute temperature and pressure f the ideal gas inside B are $T_B$ and $p_B$ (and likewise for A ) . Ignore atmospheric pressure.",,,,"Sep 26, 2020 4:48 PM",Soutrik das,
"In the figure below, the switches $S_1$ and $S_2$ are closed simultaneously at $t=0$ and a current starts to flow in the circuit. Both the batteries have the same EMF. Ignore mutual inductance. The current $I$ in the middle wire reaches its maximum magnitude $I_{max}$ at time $t=\tau$",,,Wiki%20Page%20Storage%207a886a301e234ae4a4c87925ce34f45c/JEE%20ADV%202018%20paper%201%20156baa1a568144639dd9e5b9a1b32e04.md,"Sep 26, 2020 5:21 PM",Soutrik das,
"Electric Field ( Gauss Law ) ","chapter, physics",Wiki%20Page%20Storage%207a886a301e234ae4a4c87925ce34f45c/Find%20Electric%20Flux%20when%20equation%20of%20Electric%20Field%20d018bab25c6a405a96e94c0d7d9fa1ab.md,,"Sep 26, 2020 3:11 PM",Soutrik das,
"Charging Discharging Capacitor Inductor ( RC and LR ) ",physics,,Wiki%20Page%20Storage%207a886a301e234ae4a4c87925ce34f45c/Capacitance%20caeded92469e47e098a21d1ef36e2d0c.md,"Sep 26, 2020 3:10 PM",Soutrik das,
"An automobile has a weight of 2700 lb and is traveling forward at 4 ft/s when it crashes into the wall. If the impact occurs in 0.06 s, determine the average impulsive force acting on the car. Assume the brakes are not applied. If the coefficient of kinetic friction between the wheels and the pavement is μk = 0.3, calculate the impulsive force on the wall if the brakes were applied during the crash. The brakes are applied to all four wheels so that all the wheels slip","physics, question",,Wiki%20Page%20Storage%207a886a301e234ae4a4c87925ce34f45c/COM%20Center%20of%20Mass%20818fb800a90141c6955e53b5ae99345f.md,"Sep 26, 2020 11:25 AM",Soutrik das,
Rotational Mechanics,"chapter, physics",Wiki%20Page%20Storage%207a886a301e234ae4a4c87925ce34f45c/Consider%20a%20body%20of%20mass%201kg%20at%20rest%20at%20the%20origin%20%20a5fea645754a4858910f5247fe48c1d6.md,,"Sep 26, 2020 3:10 PM",Soutrik das,
"Consider a body of mass $1kg$ at rest at the origin at time $t=0$. A force $\vec F=(\alpha t\hat i +\beta \hat j)$ is applied on the body, where $\alpha=1Ns^{-1}$ and $\beta=1N$. The torque acting on the body about the origin at time $t=1s$ is $\vec \tau$, Which are true ? ","doubt cleared, physics, question",,"Wiki%20Page%20Storage%207a886a301e234ae4a4c87925ce34f45c/JEE%20ADV%202018%20paper%201%20156baa1a568144639dd9e5b9a1b32e04.md, Wiki%20Page%20Storage%207a886a301e234ae4a4c87925ce34f45c/Rotational%20Mechanics%204ed592873b3d432b99c2bb7f12e1635e.md","Oct 9, 2020 9:40 PM",Soutrik das,
"The potential energy of a particle of mass $m$ at a distance $r$ from a fixed point $O$ is given by $V(r)=kr^2/2$, where $k$ is a positive constant. This particle is moving in a circular orbit of radius $R$ about the point $O$. If $v$ is the speed of the particle and $L$ is the magnitude of its angular momentum about $O$, which are correct ?","adv, physics, question",,Wiki%20Page%20Storage%207a886a301e234ae4a4c87925ce34f45c/JEE%20ADV%202018%20paper%201%20156baa1a568144639dd9e5b9a1b32e04.md,"Sep 26, 2020 8:11 AM",Soutrik das,
JEE ADV 2018 paper 1,,"Wiki%20Page%20Storage%207a886a301e234ae4a4c87925ce34f45c/The%20potential%20energy%20of%20a%20particle%20of%20mass%20m%20at%20a%20%2089a3ab09edc74fc1a49aac317c2d6f30.md, Wiki%20Page%20Storage%207a886a301e234ae4a4c87925ce34f45c/Consider%20a%20body%20of%20mass%201kg%20at%20rest%20at%20the%20origin%20%20a5fea645754a4858910f5247fe48c1d6.md, Wiki%20Page%20Storage%207a886a301e234ae4a4c87925ce34f45c/In%20the%20figure%20below,%20the%20switches%20S_1%20and%20S_2%20are%20%20aa33d3e50a9e4613bb48996443aaf0aa.md",,"Sep 26, 2020 7:43 AM",Soutrik das,
Conversion 1,chemistry,,Wiki%20Page%20Storage%207a886a301e234ae4a4c87925ce34f45c/Conversion%20db9e787fa36c4ba5afd8a879bf34dd5c.md,"Oct 10, 2020 7:08 PM",Soutrik das,
Conversion,,Wiki%20Page%20Storage%207a886a301e234ae4a4c87925ce34f45c/Conversion%201%207f226bb89c0f45308161db9bb3e9a285.md,,"Sep 25, 2020 6:24 PM",Soutrik das,
"Surface Chemistry ",,,,"Sep 25, 2020 4:46 PM",Soutrik das,
"Removing =O ",chemistry,,Wiki%20Page%20Storage%207a886a301e234ae4a4c87925ce34f45c/All%20Chemistry%20Reactions%201c307f824988410b82697364614e9b6a.md,"Oct 10, 2020 6:59 PM",Soutrik das,
"Two identical moving coild galvanometers have 10 $\Omega$ resistance and full scale deflection at 2 $\mu A$ current. One of them is converted into a voltmeter of $100mV$ full scale reading and the other into an ammeter of $1mA$ full scale reading using appropriate resistors. These are then used to measure the voltage and current in the ohms law experiment with $R=1000\Omega$ by using an ideal cell ","adv, question",,,"Sep 24, 2020 6:55 PM",Soutrik das,
"Lower end of a uniform inextensible rope of mass $2$ kg and length $4m$ is attached to a block of mass $7.5kg$ placed on a horizontal floor. $\mu=0.5$. The uppoer end of the rope is held $2m$ above the lower end so that the tangent at the lower end remains http://horizontal.In this situation , the block stays standstill on the floor. $g=10$","adv, doubt, physics, question",,,"Sep 24, 2020 4:48 PM",Soutrik das,
"A thin convex lens is made of two materials with refractive indices $n_1$ and $n_2$, as shown. The radius of curvature of the left and right spherical surfaces are equal. $f$ is the focal length of the lens when $n_1=n_2=n$. The fola length is $f+\Delta f$ when $n_1=n$ and $n_2=n+\Delta n$. Assuming $\Delta n <<(n-1)$ and $1<n<2$, what is correct ","adv, doubt cleared, physics, question",,"Wiki%20Page%20Storage%207a886a301e234ae4a4c87925ce34f45c/JEE%20ADV%202019%20paper%201%206e969e4fdf724b4eba045ad8c9ac0feb.md, Wiki%20Page%20Storage%207a886a301e234ae4a4c87925ce34f45c/Optics%209bb9f3e50d454a969522b72343c81b20.md","Oct 9, 2020 9:40 PM",Soutrik das,
"One mole of a monoatomic ideal gas goes through a thermodynamic cycle, as shown in the volume versus Temperature ($V-T$) diagram","adv, physics, question",,Wiki%20Page%20Storage%207a886a301e234ae4a4c87925ce34f45c/JEE%20ADV%202019%20paper%201%206e969e4fdf724b4eba045ad8c9ac0feb.md,"Sep 24, 2020 2:19 PM",Soutrik das,
Embed Big Gif files into Notion,,,Wiki%20Page%20Storage%207a886a301e234ae4a4c87925ce34f45c/Technology%204de1a6b8321042ff8745fedc23514a99.md,"Sep 24, 2020 8:55 AM",Soutrik das,
Embed Google Photos(not gif) into Notion,,,Wiki%20Page%20Storage%207a886a301e234ae4a4c87925ce34f45c/Technology%204de1a6b8321042ff8745fedc23514a99.md,"Sep 24, 2020 8:53 AM",Soutrik das,
"Consider a spherical gaseous cloud of mass density $\rho(r)$ in free space where r is the radial distance from its center. The gaseous cloud is made of particles of equal mass $m$ moving in circular orbits around the common center with the same kinetic energy $K$  The force acting on the particles is their mutual gravitational force. If $\rho(r)$ is constant with time , the particle density $n(r)=\rho (r)/m$ is ?","adv, physics, question",,"Wiki%20Page%20Storage%207a886a301e234ae4a4c87925ce34f45c/JEE%20ADV%202019%20paper%201%206e969e4fdf724b4eba045ad8c9ac0feb.md, Wiki%20Page%20Storage%207a886a301e234ae4a4c87925ce34f45c/Copy%20of%20Leibnitz%20Theorem%20for%20Implicit%20Functions%206585481f6320423ab06910df2464e089.md","Sep 23, 2020 2:31 PM",Soutrik das,
"SHM ",,,,"Sep 18, 2020 10:58 AM",Soutrik das,
"NLM Contraint Motion ","chapter, physics",,,"Sep 17, 2020 11:54 AM",Soutrik das,
"Complex NLM and SHM problem ","adv, question",,,"Sep 18, 2020 3:25 PM",Soutrik das,
"Oxymercuration Reaction ( Adding H and OH in a different way ) ",,,"Wiki%20Page%20Storage%207a886a301e234ae4a4c87925ce34f45c/Addition%20Reactions%206f3a3b595e1b4a359a0a404ce66a6f57.md, Wiki%20Page%20Storage%207a886a301e234ae4a4c87925ce34f45c/All%20Chemistry%20Reactions%201c307f824988410b82697364614e9b6a.md","Oct 10, 2020 7:00 PM",Soutrik das,
Double Bond Equivalent ( Degree of Unsaturation ),,,,"Sep 25, 2020 8:06 PM",Soutrik das,
"How to Find the height of hcp ","chemistry, question",,Wiki%20Page%20Storage%207a886a301e234ae4a4c87925ce34f45c/Solid%20States%20290b64a75aa2458ebbbbdb584a0077d4.md,"Sep 14, 2020 6:56 PM",Soutrik das,
"A large open tank has two small holes in the wall. One is square hole of side L at depth y from the top and the other is a circular hole of radius R at a depth 4y from the top. When the tank is completely filled with water, the quantities of water flowing out per second from both holes are the same. Then what is the value of R?","doubt, physics, question",,,"Sep 14, 2020 10:07 AM",Soutrik das,
"A thin uniform cylindrical shell , closed at both ends, is partially filled with water. It is floating vertically in water in half submerged state. If $\rho_c$ is the RD of shell then relation between $\rho_c$ and water level inside is ?","doubt, physics, question",,Wiki%20Page%20Storage%207a886a301e234ae4a4c87925ce34f45c/Fluid%20Statics%20(%20Hydrostatics%20)%2081f1af117a754b2c990c63bc2ee42d1b.md,"Sep 14, 2020 9:07 AM",Soutrik das,
A hemispherical portion of Radius R is removed from the bottom of a cylinder of Radius R . The Volume of the remaining cylinder is V and its mass is M . It is suspended by a string in a liquid of density $\rho$ where it stays vertical . The upper surface of the cylinder is $h$ hight below surface. What is the force on the bottom by the liquid ?,"physics, question",,Wiki%20Page%20Storage%207a886a301e234ae4a4c87925ce34f45c/Fluid%20Statics%20(%20Hydrostatics%20)%2081f1af117a754b2c990c63bc2ee42d1b.md,"Sep 14, 2020 8:01 AM",Soutrik das,
"A block of ice with a lead shot embedded in it is floating on water contained in a vessel. The temperature of the system is maintained at $0\degree C$ as the ice melts. When the ice melts completely , does the level of water rises ","physics, question",,"Wiki%20Page%20Storage%207a886a301e234ae4a4c87925ce34f45c/Fluid%20Statics%20(%20Hydrostatics%20)%2081f1af117a754b2c990c63bc2ee42d1b.md, Wiki%20Page%20Storage%207a886a301e234ae4a4c87925ce34f45c/Complex%20Archimedes%20Theorem%20problems%2084ec5cd7bac740948ca77c6ca45bce0a.md","Sep 14, 2020 7:44 AM",Soutrik das,
Complex Archimedes Theorem problems,physics,"Wiki%20Page%20Storage%207a886a301e234ae4a4c87925ce34f45c/A%20wooden%20block%20with%20a%20coin%20placed%20on%20its%20top,%20floa%20e33a6cc030d043d08c37db5a3cca2028.md, Wiki%20Page%20Storage%207a886a301e234ae4a4c87925ce34f45c/A%20block%20of%20ice%20with%20a%20lead%20shot%20embedded%20in%20it%20is%20%20b8fe2b50973d4541879baf170aaa6cb3.md",Wiki%20Page%20Storage%207a886a301e234ae4a4c87925ce34f45c/Fluid%20Statics%20(%20Hydrostatics%20)%2081f1af117a754b2c990c63bc2ee42d1b.md,"Sep 14, 2020 7:47 AM",Soutrik das,
"A wooden block with a coin placed on its top, floats in water as shown in the figure. the distance $l$ and $h$ are shown there. After some time the coin falls into the water , what happens to $l$ and $h$ ","physics, question",,"Wiki%20Page%20Storage%207a886a301e234ae4a4c87925ce34f45c/Complex%20Archimedes%20Theorem%20problems%2084ec5cd7bac740948ca77c6ca45bce0a.md, Wiki%20Page%20Storage%207a886a301e234ae4a4c87925ce34f45c/Fluid%20Statics%20(%20Hydrostatics%20)%2081f1af117a754b2c990c63bc2ee42d1b.md","Sep 13, 2020 10:37 PM",Soutrik das,
"Fitjee Archive ",question book,,,"Sep 13, 2020 10:12 PM",Soutrik das,
COM Center of Mass,"chapter, physics",Wiki%20Page%20Storage%207a886a301e234ae4a4c87925ce34f45c/An%20automobile%20has%20a%20weight%20of%202700%20lb%20and%20is%20trave%200cece94af0ae41c193638a8f0a2bff7e.md,,"Sep 13, 2020 8:36 PM",Soutrik das,
"Solvation Energy ",,,Wiki%20Page%20Storage%207a886a301e234ae4a4c87925ce34f45c/Solid%20States%20290b64a75aa2458ebbbbdb584a0077d4.md,"Sep 13, 2020 4:28 PM",Soutrik das,
Which has more  Surface area ? n-Butane or IsoButane ?,"chemistry, doubt",,Wiki%20Page%20Storage%207a886a301e234ae4a4c87925ce34f45c/Solid%20States%20290b64a75aa2458ebbbbdb584a0077d4.md,"Sep 13, 2020 4:00 PM",Soutrik das,
Solid States,"chapter, chemistry","Wiki%20Page%20Storage%207a886a301e234ae4a4c87925ce34f45c/Which%20has%20more%20Surface%20area%20n-Butane%20or%20IsoButane%2061d59ef3a96c49d888d60ff1936c9772.md, Wiki%20Page%20Storage%207a886a301e234ae4a4c87925ce34f45c/Solvation%20Energy%2048c3996f3c0443a0a79bb692498b6033.md, Wiki%20Page%20Storage%207a886a301e234ae4a4c87925ce34f45c/How%20to%20Find%20the%20height%20of%20hcp%200be6a02b3a1d4d86baf1420e7fd52b26.md",,"Sep 14, 2020 2:34 PM",Soutrik das,
Fluid Statics ( Hydrostatics ),"chapter, physics","Wiki%20Page%20Storage%207a886a301e234ae4a4c87925ce34f45c/A%20wooden%20block%20with%20a%20coin%20placed%20on%20its%20top,%20floa%20e33a6cc030d043d08c37db5a3cca2028.md, Wiki%20Page%20Storage%207a886a301e234ae4a4c87925ce34f45c/Complex%20Archimedes%20Theorem%20problems%2084ec5cd7bac740948ca77c6ca45bce0a.md, Wiki%20Page%20Storage%207a886a301e234ae4a4c87925ce34f45c/A%20block%20of%20ice%20with%20a%20lead%20shot%20embedded%20in%20it%20is%20%20b8fe2b50973d4541879baf170aaa6cb3.md, Wiki%20Page%20Storage%207a886a301e234ae4a4c87925ce34f45c/A%20hemispherical%20portion%20of%20Radius%20R%20is%20removed%20fro%20dc8f43cec2fa405dbddd4ec7768a3056.md, Wiki%20Page%20Storage%207a886a301e234ae4a4c87925ce34f45c/A%20thin%20uniform%20cylindrical%20shell%20,%20closed%20at%20both%20%2028ba4f3fa05c436190ec50c21b8c9d62.md, Wiki%20Page%20Storage%207a886a301e234ae4a4c87925ce34f45c/A%20cylindrical%20capillary%20tube%20of%200%202%20mm%20radius%20is%20m%202b54ce7ef00a455592040d1fec07c0a7.md, Wiki%20Page%20Storage%207a886a301e234ae4a4c87925ce34f45c/Concave%20v%20s%20Convex%20e158c7e95e5542e8941bd3b43c191a5b.md",,"Sep 23, 2020 8:51 AM",Soutrik das,
"Let $s,t,r$ be non-zero complex numbers and $L$ be the set of solutions ","doubt, maths, question",,"Wiki%20Page%20Storage%207a886a301e234ae4a4c87925ce34f45c/JEE%20ADV%202018%20Paper%202%206a533b43b70745109e4a55fab37f84cb.md, Wiki%20Page%20Storage%207a886a301e234ae4a4c87925ce34f45c/Complex%20Numbers%2058520c2afe2a4be2a00a946e780d9af9.md","Oct 9, 2020 9:44 PM",Soutrik das,
Coordinate Geometry,,Wiki%20Page%20Storage%207a886a301e234ae4a4c87925ce34f45c/Breaking%20Pair%20of%20Straight%20Lines%20Equation%20c21617c3d3db4c0d9090b461f3fb931b.md,Wiki%20Page%20Storage%207a886a301e234ae4a4c87925ce34f45c/Complex%20Numbers%2058520c2afe2a4be2a00a946e780d9af9.md,"Aug 30, 2020 1:13 PM",Soutrik das,
Regiochemistry and StereoChemistry,,,Wiki%20Page%20Storage%207a886a301e234ae4a4c87925ce34f45c/Projection%20Formulas%20bfd5d251a3e749a6b197a25f05fee687.md,"Sep 9, 2020 12:52 PM",Soutrik das,
$SN_1$ v/s $SN_2$,chemistry,Wiki%20Page%20Storage%207a886a301e234ae4a4c87925ce34f45c/E_1%20v%20s%20E_2%20Elimination%20Reaction%20978a2721ce7147dca0d2cfc66a7114a6.md,,"Sep 9, 2020 11:10 AM",Soutrik das,
"$E_1$ v/s $E_2$ Elimination Reaction ",chemistry,"Wiki%20Page%20Storage%207a886a301e234ae4a4c87925ce34f45c/Removing%20OH%20and%20H%20Acid%20Catalyzed%20DeHydration%20%5Bzait%20df170e3acf564a559bccd42ed13cdf6c.md, Wiki%20Page%20Storage%207a886a301e234ae4a4c87925ce34f45c/LDA%20Lithium%20Di-Isopropyl%20Amide%2044f4b40077914a91ab3ae4ddd780ea64.md, Wiki%20Page%20Storage%207a886a301e234ae4a4c87925ce34f45c/t-Butoxide%20Tertiary%20Butoxide%2017175d1bf518446ca384427629c8fbe1.md","Wiki%20Page%20Storage%207a886a301e234ae4a4c87925ce34f45c/SN_1%20v%20s%20SN_2%204d48c13a75404f07b9626959d2aec8d9.md, Wiki%20Page%20Storage%207a886a301e234ae4a4c87925ce34f45c/Reaction%20Coordinate%201e6630e802fa4f2990c7779384be6529.md, Wiki%20Page%20Storage%207a886a301e234ae4a4c87925ce34f45c/Thermodynamic%20v%20s%20Kinematic%20Control%20(Reaction%20Coor%2015b67a7d127a4721a0367c8aa6fe1219.md","Sep 10, 2020 5:12 PM",Soutrik das,
"Addition Reactions ",chemistry,"Wiki%20Page%20Storage%207a886a301e234ae4a4c87925ce34f45c/Conformations%205f13674452cc40b09aa295427df9feaf.md, Wiki%20Page%20Storage%207a886a301e234ae4a4c87925ce34f45c/Acid%20Base%20Reactions%20593773d95a39437db5cfe95b27604de4.md, Wiki%20Page%20Storage%207a886a301e234ae4a4c87925ce34f45c/Adding%20Hydrogen%20Hydrogenation%20%5Birr,syn%5D%2085c08d3142734539b0200f3295479f80.md, Wiki%20Page%20Storage%207a886a301e234ae4a4c87925ce34f45c/Adding%20H%20and%20X%20%5BMarkonikov,oos%5D%20faa09357d9ea49549a80b8715da440f9.md, Wiki%20Page%20Storage%207a886a301e234ae4a4c87925ce34f45c/Adding%20H%20and%20Br%20,%20%5BAnti-Markonikov,oos%5D%20240917816be04ae6a158cc542aa24cca.md, Wiki%20Page%20Storage%207a886a301e234ae4a4c87925ce34f45c/Adding%20H%20and%20OH%20,%20Acid%20Catalyzed%20Hydration%20%5BMarkon%2055ac132ae66e46bbb533165e1257bcf8.md, Wiki%20Page%20Storage%207a886a301e234ae4a4c87925ce34f45c/Adding%20H%20and%20OH%20%5Batni-markonikov,%20syn%5D%20642356c60c614d329b21d774db9d0f8c.md, Wiki%20Page%20Storage%207a886a301e234ae4a4c87925ce34f45c/Synthesis%20Conversion%20Techniques%207648e51e5d744b8887d5e8ddcc3c1274.md, Wiki%20Page%20Storage%207a886a301e234ae4a4c87925ce34f45c/Adding%20Br%20and%20Br%20%5Birr,anti%5D%2066f98741cd904714bee84e17d5d2ebbc.md, Wiki%20Page%20Storage%207a886a301e234ae4a4c87925ce34f45c/Oxymercuration%20Reaction%20(%20Adding%20H%20and%20OH%20in%20a%20dif%200e56f53b015a4ae8aaeb9583f3df203f.md",,"Sep 10, 2020 3:32 PM",Soutrik das,
Breaking Pair of Straight Lines Equation,maths,,Wiki%20Page%20Storage%207a886a301e234ae4a4c87925ce34f45c/Coordinate%20Geometry%206c24e8c54553431cbdb416a2da860633.md,"Sep 1, 2020 8:18 AM",Soutrik das,
Conformations,chemistry,Wiki%20Page%20Storage%207a886a301e234ae4a4c87925ce34f45c/Configurations%20b1299550971a4ed088b0eeeb9a1f7b83.md,Wiki%20Page%20Storage%207a886a301e234ae4a4c87925ce34f45c/Addition%20Reactions%206f3a3b595e1b4a359a0a404ce66a6f57.md,"Sep 25, 2020 8:07 AM",Soutrik das,
Configurations,chemistry,,Wiki%20Page%20Storage%207a886a301e234ae4a4c87925ce34f45c/Conformations%205f13674452cc40b09aa295427df9feaf.md,"Sep 1, 2020 2:03 PM",Soutrik das,
"Projection Formulas ",,Wiki%20Page%20Storage%207a886a301e234ae4a4c87925ce34f45c/Regiochemistry%20and%20StereoChemistry%20d9de2c6e79eb4d76adbe3f75d9bc3bd0.md,,"Sep 25, 2020 8:43 AM",Soutrik das,
David M Klein Organic Chemistry Doubts,"book, chemistry",,Wiki%20Page%20Storage%207a886a301e234ae4a4c87925ce34f45c/Books%20c09fa9d40bfa499ba9545c5017dd2010.md,"Oct 9, 2020 9:26 PM",Soutrik das,
Nucleophile v/s Base,chemistry,,,"Sep 9, 2020 12:54 PM",Soutrik das,
"Acid Base Reactions ","chemistry, doubt",,Wiki%20Page%20Storage%207a886a301e234ae4a4c87925ce34f45c/Addition%20Reactions%206f3a3b595e1b4a359a0a404ce66a6f57.md,"Sep 9, 2020 12:20 PM",Soutrik das,
Cells in parallel and series(+Terminal Voltage),physics,,,"Sep 4, 2020 10:26 AM",Soutrik das,
Electrostaic Pressure,physics,,,"Sep 4, 2020 10:26 AM",Soutrik das,
LC Oscillations,physics,,,"Sep 4, 2020 10:26 AM",Soutrik das,
The maximum electric field at a point on the axis of a uniformly charged ring is $E_0$. At how many points on the axis will the magnitude of the electric field be $E_0/2$,"physics, question",,Wiki%20Page%20Storage%207a886a301e234ae4a4c87925ce34f45c/Cengage%20BM%20Sharma%209c189c7938ba426db954efeea20531ef.md,"Sep 6, 2020 8:54 AM",Soutrik das,
A conducting spherical shell is earthed. A positive charge $+q_1$ is placed at the center and another small positive charge $+q_2$ is placed at a distance $r$ from $q_1$. The force on $q_2$ is ?,"doubt, physics, question",,"Wiki%20Page%20Storage%207a886a301e234ae4a4c87925ce34f45c/Shielding%20Effect%20c6175c2fc13b466587b67956a3d9bdbd.md, Wiki%20Page%20Storage%207a886a301e234ae4a4c87925ce34f45c/Cengage%20BM%20Sharma%209c189c7938ba426db954efeea20531ef.md","Sep 6, 2020 8:57 AM",Soutrik das,
Shielding Effect,physics,Wiki%20Page%20Storage%207a886a301e234ae4a4c87925ce34f45c/A%20conducting%20spherical%20shell%20is%20earthed%20A%20positive%206e09fc30c073491a94b0ebc0b9769c87.md,,"Sep 5, 2020 4:11 PM",Soutrik das,
Dielectric,,"Wiki%20Page%20Storage%207a886a301e234ae4a4c87925ce34f45c/A%20dielectric%20in%20the%20form%20of%20a%20sphere%20is%20introduced%2093525269416b40ffb362c4c3cbb5b739.md, Wiki%20Page%20Storage%207a886a301e234ae4a4c87925ce34f45c/Capacitance%20caeded92469e47e098a21d1ef36e2d0c.md",,"Sep 7, 2020 8:46 PM",Soutrik das,
"A dielectric in the form of a sphere is introduced into a homogeneous electric field. $A$, $B$, $C$ are three points as shown in figure.","doubt, doubt cleared, physics",,"Wiki%20Page%20Storage%207a886a301e234ae4a4c87925ce34f45c/Dielectric%20224a5f771d714fb78f404df0bcf63c22.md, Wiki%20Page%20Storage%207a886a301e234ae4a4c87925ce34f45c/Cengage%20BM%20Sharma%209c189c7938ba426db954efeea20531ef.md","Oct 9, 2020 9:40 PM",Soutrik das,
"Uniformly charged hemisphere of radius R. It has a volume charge density $\rho$. If the electric field at point $2R$ above its center is $E$, then what is the electric field at the point $2R$ below its center?","doubt, doubt cleared, physics",,,"Oct 9, 2020 9:40 PM",Soutrik das,
"A conic surface is placed in a uniform electric field $E$ such that the field is perpendicular to the surface on the side $AB$. the base of the cone is of radius $R$ , find magnitude of incoming flux ","physics, question",,Wiki%20Page%20Storage%207a886a301e234ae4a4c87925ce34f45c/Cengage%20BM%20Sharma%209c189c7938ba426db954efeea20531ef.md,"Sep 6, 2020 8:56 AM",Soutrik das,
"Solid angle ","maths, physics",,,"Sep 24, 2020 3:04 PM",Soutrik das,
A non conducting sphere of radius $R$ is filled with uniform volume charge density $-\rho$. The center of this sphere is displaced from the origin by $\vec d$. The electric field $\vec E$ at any point P is ?,"physics, question",,Wiki%20Page%20Storage%207a886a301e234ae4a4c87925ce34f45c/Cengage%20BM%20Sharma%209c189c7938ba426db954efeea20531ef.md,"Sep 6, 2020 8:53 AM",Soutrik das,
Cengage BM Sharma,"book, physics","Wiki%20Page%20Storage%207a886a301e234ae4a4c87925ce34f45c/A%20non%20conducting%20sphere%20of%20radius%20R%20is%20filled%20with%207a71adeef4fb4415834f39a3a95f8895.md, Wiki%20Page%20Storage%207a886a301e234ae4a4c87925ce34f45c/A%20conic%20surface%20is%20placed%20in%20a%20uniform%20electric%20fi%20971e1d5f19f44151bcbf40137a68239e.md, Wiki%20Page%20Storage%207a886a301e234ae4a4c87925ce34f45c/A%20conducting%20spherical%20shell%20is%20earthed%20A%20positive%206e09fc30c073491a94b0ebc0b9769c87.md, Wiki%20Page%20Storage%207a886a301e234ae4a4c87925ce34f45c/The%20maximum%20electric%20field%20at%20a%20point%20on%20the%20axis%20%20dac8ce1317344114bedc4bb6e68ecec4.md, Wiki%20Page%20Storage%207a886a301e234ae4a4c87925ce34f45c/A%20dielectric%20in%20the%20form%20of%20a%20sphere%20is%20introduced%2093525269416b40ffb362c4c3cbb5b739.md",Wiki%20Page%20Storage%207a886a301e234ae4a4c87925ce34f45c/Books%20c09fa9d40bfa499ba9545c5017dd2010.md,"Oct 9, 2020 9:26 PM",Soutrik das,
Paralell conducting plates,"doubt, doubt cleared, physics","Wiki%20Page%20Storage%207a886a301e234ae4a4c87925ce34f45c/Capacitance%20caeded92469e47e098a21d1ef36e2d0c.md, Wiki%20Page%20Storage%207a886a301e234ae4a4c87925ce34f45c/Redistributing%20Charges%20Grounding%20(%20Connecting%20char%20629b314ecb0341b380fa2ecb23d86d71.md",,"Oct 9, 2020 9:40 PM",Soutrik das,
"Electric Potential ","chapter, physics","Wiki%20Page%20Storage%207a886a301e234ae4a4c87925ce34f45c/E_s=-%20frac%7BdV%7D%7Bds%7D%20where%20E_s%20is%20the%20component%20of%20e%20c2b325bf29a646c29cf20e1fb5079e60.md, Wiki%20Page%20Storage%207a886a301e234ae4a4c87925ce34f45c/If%20we%20have%20a%20conducting%20sphere%20and%20a%20charge%20in%20vic%2088108bfeb3cd4866b2fda221c0a83bb8.md, Wiki%20Page%20Storage%207a886a301e234ae4a4c87925ce34f45c/When%20does%20zero%20electric%20flux%20mean%20that%20the%20electri%20957b1366aee94166a88f597a6ade8fdd.md, Wiki%20Page%20Storage%207a886a301e234ae4a4c87925ce34f45c/Capacitance%20caeded92469e47e098a21d1ef36e2d0c.md",,"Sep 11, 2020 3:11 PM",Soutrik das,
How to determine if a force is Conservative ?,physics,,,"Sep 6, 2020 9:30 PM",Soutrik das,
$E_s=-\frac{dV}{ds}$ where $E_s$ is the component of electric field in the direction of $ds$. But if given the potential and position of two points what can we get ?,"doubt, doubt cleared, physics",,Wiki%20Page%20Storage%207a886a301e234ae4a4c87925ce34f45c/Electric%20Potential%206271e75f33a14a86a800bca3330eebb2.md,"Oct 9, 2020 9:40 PM",Soutrik das,
"If we have a conducting sphere and a charge in vicinity , then the spheres center is bound to have some electric field , but conductors ( at equilibrium) dont have electric field in them","doubt, physics, question",,Wiki%20Page%20Storage%207a886a301e234ae4a4c87925ce34f45c/Electric%20Potential%206271e75f33a14a86a800bca3330eebb2.md,"Sep 12, 2020 12:40 PM",Soutrik das,
D3js,,,Wiki%20Page%20Storage%207a886a301e234ae4a4c87925ce34f45c/Libraries%20Frameworks%203ca2a70d57044c5f9f825e715002487c.md,"Oct 9, 2020 9:05 PM",Soutrik das,
When does zero electric flux mean that the electric field is zero ?,"doubt, physics, question",,Wiki%20Page%20Storage%207a886a301e234ae4a4c87925ce34f45c/Electric%20Potential%206271e75f33a14a86a800bca3330eebb2.md,"Sep 12, 2020 12:40 PM",Soutrik das,
Isomerism,chemistry,Wiki%20Page%20Storage%207a886a301e234ae4a4c87925ce34f45c/Wedge%20Dash%20To%20Fischer%20and%20reverse%209d3f53dd92594f30b6b127cffa7d0e24.md,,"Sep 25, 2020 8:28 AM",Soutrik das,
"Adding Hydrogen : Hydrogenation [irr,syn]",,,"Wiki%20Page%20Storage%207a886a301e234ae4a4c87925ce34f45c/Addition%20Reactions%206f3a3b595e1b4a359a0a404ce66a6f57.md, Wiki%20Page%20Storage%207a886a301e234ae4a4c87925ce34f45c/All%20Chemistry%20Reactions%201c307f824988410b82697364614e9b6a.md","Oct 10, 2020 7:00 PM",Soutrik das,
"Adding H and X [Markonikov,oos]",chemistry,,"Wiki%20Page%20Storage%207a886a301e234ae4a4c87925ce34f45c/Addition%20Reactions%206f3a3b595e1b4a359a0a404ce66a6f57.md, Wiki%20Page%20Storage%207a886a301e234ae4a4c87925ce34f45c/All%20Chemistry%20Reactions%201c307f824988410b82697364614e9b6a.md","Oct 10, 2020 7:00 PM",Soutrik das,
"Alkene ",,,,"Sep 9, 2020 6:07 PM",Soutrik das,
"Adding H and Br , [Anti-Markonikov,oos]",,,"Wiki%20Page%20Storage%207a886a301e234ae4a4c87925ce34f45c/Addition%20Reactions%206f3a3b595e1b4a359a0a404ce66a6f57.md, Wiki%20Page%20Storage%207a886a301e234ae4a4c87925ce34f45c/All%20Chemistry%20Reactions%201c307f824988410b82697364614e9b6a.md","Oct 10, 2020 7:00 PM",Soutrik das,
"Adding H and OH ,  Acid Catalyzed Hydration [Markonikov, oos]",,,"Wiki%20Page%20Storage%207a886a301e234ae4a4c87925ce34f45c/Addition%20Reactions%206f3a3b595e1b4a359a0a404ce66a6f57.md, Wiki%20Page%20Storage%207a886a301e234ae4a4c87925ce34f45c/All%20Chemistry%20Reactions%201c307f824988410b82697364614e9b6a.md","Nov 23, 2020 2:42 PM",Soutrik das,
Removing OH and H : Acid Catalyzed DeHydration [zaitsev],,,"Wiki%20Page%20Storage%207a886a301e234ae4a4c87925ce34f45c/E_1%20v%20s%20E_2%20Elimination%20Reaction%20978a2721ce7147dca0d2cfc66a7114a6.md, Wiki%20Page%20Storage%207a886a301e234ae4a4c87925ce34f45c/All%20Chemistry%20Reactions%201c307f824988410b82697364614e9b6a.md","Oct 10, 2020 7:00 PM",Soutrik das,
"Adding H and OH [atni-markonikov, syn]",chemistry,Wiki%20Page%20Storage%207a886a301e234ae4a4c87925ce34f45c/Borane%20BH_3%20c67e9a17d9e348a4bbff7fa6b8ff8b89.md,"Wiki%20Page%20Storage%207a886a301e234ae4a4c87925ce34f45c/Addition%20Reactions%206f3a3b595e1b4a359a0a404ce66a6f57.md, Wiki%20Page%20Storage%207a886a301e234ae4a4c87925ce34f45c/All%20Chemistry%20Reactions%201c307f824988410b82697364614e9b6a.md","Oct 10, 2020 7:00 PM",Soutrik das,
Borane $BH_3$,,Wiki%20Page%20Storage%207a886a301e234ae4a4c87925ce34f45c/THF%20Tetrahydrofuran%20c8917210d23d4c4ab1fec2f04e13b42e.md,"Wiki%20Page%20Storage%207a886a301e234ae4a4c87925ce34f45c/Adding%20H%20and%20OH%20%5Batni-markonikov,%20syn%5D%20642356c60c614d329b21d774db9d0f8c.md, Wiki%20Page%20Storage%207a886a301e234ae4a4c87925ce34f45c/Chemical%20Compound%2073ead57f00364137853977cef7dd704f.md","Oct 9, 2020 9:56 PM",Soutrik das,
THF Tetrahydrofuran,,,"Wiki%20Page%20Storage%207a886a301e234ae4a4c87925ce34f45c/Borane%20BH_3%20c67e9a17d9e348a4bbff7fa6b8ff8b89.md, Wiki%20Page%20Storage%207a886a301e234ae4a4c87925ce34f45c/Chemical%20Compound%2073ead57f00364137853977cef7dd704f.md","Oct 9, 2020 9:54 PM",Soutrik das,
Synthesis / Conversion Techniques,chemistry,Wiki%20Page%20Storage%207a886a301e234ae4a4c87925ce34f45c/Tosylates%205564a7748d1a49c4a2761bb616772ba3.md,Wiki%20Page%20Storage%207a886a301e234ae4a4c87925ce34f45c/Addition%20Reactions%206f3a3b595e1b4a359a0a404ce66a6f57.md,"Sep 10, 2020 12:33 PM",Soutrik das,
Bulky Base,,Wiki%20Page%20Storage%207a886a301e234ae4a4c87925ce34f45c/LDA%20Lithium%20Di-Isopropyl%20Amide%2044f4b40077914a91ab3ae4ddd780ea64.md,,"Sep 10, 2020 9:33 AM",Soutrik das,
"LDA Lithium Di-Isopropyl Amide ",,,"Wiki%20Page%20Storage%207a886a301e234ae4a4c87925ce34f45c/E_1%20v%20s%20E_2%20Elimination%20Reaction%20978a2721ce7147dca0d2cfc66a7114a6.md, Wiki%20Page%20Storage%207a886a301e234ae4a4c87925ce34f45c/Bulky%20Base%205c1a5627ec514d12b4a744c4b5650a95.md, Wiki%20Page%20Storage%207a886a301e234ae4a4c87925ce34f45c/Chemical%20Compound%2073ead57f00364137853977cef7dd704f.md","Oct 9, 2020 9:54 PM",Soutrik das,
t-Butoxide : Tertiary Butoxide,,,Wiki%20Page%20Storage%207a886a301e234ae4a4c87925ce34f45c/E_1%20v%20s%20E_2%20Elimination%20Reaction%20978a2721ce7147dca0d2cfc66a7114a6.md,"Sep 10, 2020 9:34 AM",Soutrik das,
Tosylates,,,Wiki%20Page%20Storage%207a886a301e234ae4a4c87925ce34f45c/Synthesis%20Conversion%20Techniques%207648e51e5d744b8887d5e8ddcc3c1274.md,"Sep 10, 2020 10:19 AM",Soutrik das,
"All Chemistry Reactions ",chemistry,"Wiki%20Page%20Storage%207a886a301e234ae4a4c87925ce34f45c/Removing%20=O%2062983174fc1e4db4b2bf01241575e956.md, Wiki%20Page%20Storage%207a886a301e234ae4a4c87925ce34f45c/Oxymercuration%20Reaction%20(%20Adding%20H%20and%20OH%20in%20a%20dif%200e56f53b015a4ae8aaeb9583f3df203f.md, Wiki%20Page%20Storage%207a886a301e234ae4a4c87925ce34f45c/Adding%20Br%20and%20Br%20%5Birr,anti%5D%2066f98741cd904714bee84e17d5d2ebbc.md, Wiki%20Page%20Storage%207a886a301e234ae4a4c87925ce34f45c/Adding%20H%20and%20OH%20%5Batni-markonikov,%20syn%5D%20642356c60c614d329b21d774db9d0f8c.md, Wiki%20Page%20Storage%207a886a301e234ae4a4c87925ce34f45c/Adding%20H%20and%20OH%20,%20Acid%20Catalyzed%20Hydration%20%5BMarkon%2055ac132ae66e46bbb533165e1257bcf8.md, Wiki%20Page%20Storage%207a886a301e234ae4a4c87925ce34f45c/Adding%20H%20and%20Br%20,%20%5BAnti-Markonikov,oos%5D%20240917816be04ae6a158cc542aa24cca.md, Wiki%20Page%20Storage%207a886a301e234ae4a4c87925ce34f45c/Adding%20H%20and%20X%20%5BMarkonikov,oos%5D%20faa09357d9ea49549a80b8715da440f9.md, Wiki%20Page%20Storage%207a886a301e234ae4a4c87925ce34f45c/Adding%20Hydrogen%20Hydrogenation%20%5Birr,syn%5D%2085c08d3142734539b0200f3295479f80.md, Wiki%20Page%20Storage%207a886a301e234ae4a4c87925ce34f45c/Removing%20OH%20and%20H%20Acid%20Catalyzed%20DeHydration%20%5Bzait%20df170e3acf564a559bccd42ed13cdf6c.md",,"Sep 10, 2020 3:12 PM",Soutrik das,
"Adding Br and Br [irr,anti]",,,"Wiki%20Page%20Storage%207a886a301e234ae4a4c87925ce34f45c/Addition%20Reactions%206f3a3b595e1b4a359a0a404ce66a6f57.md, Wiki%20Page%20Storage%207a886a301e234ae4a4c87925ce34f45c/All%20Chemistry%20Reactions%201c307f824988410b82697364614e9b6a.md","Oct 10, 2020 7:00 PM",Soutrik das,
"Capacitance ",physics,"Wiki%20Page%20Storage%207a886a301e234ae4a4c87925ce34f45c/In%20the%20circuit%20shown,%20initially%20there%20is%20no%20charge%208e5f10ffb6b346daa9f3f9e216ba0a67.md, Wiki%20Page%20Storage%207a886a301e234ae4a4c87925ce34f45c/Redistributing%20Charges%20Grounding%20(%20Connecting%20char%20629b314ecb0341b380fa2ecb23d86d71.md, Wiki%20Page%20Storage%207a886a301e234ae4a4c87925ce34f45c/Charging%20Discharging%20Capacitor%20Inductor%20(%20RC%20and%20L%20002e3621f4cd4ab3b63fc4e02e6661cb.md, Wiki%20Page%20Storage%207a886a301e234ae4a4c87925ce34f45c/Two%20uncharged%20identical%20Capacitors%20A%20and%20B%20,%20each%20%209b1d619e7a424dbb9cbfc826d9049eed.md","Wiki%20Page%20Storage%207a886a301e234ae4a4c87925ce34f45c/Electric%20Potential%206271e75f33a14a86a800bca3330eebb2.md, Wiki%20Page%20Storage%207a886a301e234ae4a4c87925ce34f45c/Dielectric%20224a5f771d714fb78f404df0bcf63c22.md, Wiki%20Page%20Storage%207a886a301e234ae4a4c87925ce34f45c/Paralell%20conducting%20plates%201f63b4b8c449472b98565622c9ec6843.md","Sep 26, 2020 12:02 PM",Soutrik das,
"Redistributing Charges Grounding ( Connecting charged spheres with more charged Spheres ) ",physics,,"Wiki%20Page%20Storage%207a886a301e234ae4a4c87925ce34f45c/Paralell%20conducting%20plates%201f63b4b8c449472b98565622c9ec6843.md, Wiki%20Page%20Storage%207a886a301e234ae4a4c87925ce34f45c/Capacitance%20caeded92469e47e098a21d1ef36e2d0c.md","Sep 23, 2020 8:37 PM",Soutrik das,
"A Population increases with 2% rate every year , at the end of n years the final population was 40% more than the initial population , what is the value of $n$?",,,,"Sep 11, 2020 6:00 PM",Soutrik das,
Self Potential ( of a Hollow Sphere ),,,,"Sep 11, 2020 8:21 PM",Soutrik das,
Batteries ( Series / Parallel Combination ),,,,"Sep 11, 2020 8:23 PM",Soutrik das,
"A projectile of mass 2 kg has velocities $3 m /s$ and $4m/s$ at two points during its flight in the uniform gravitational field of Earth. If these velocities are perpendicular to each other then the minimum kinetic energy of the particle during its flight is ?  ","doubt, doubt cleared, physics, question",,Wiki%20Page%20Storage%207a886a301e234ae4a4c87925ce34f45c/Projectile%20Motion%20a89acea531e94b45b8fb0e53100eea95.md,"Oct 9, 2020 9:40 PM",Soutrik das,
"Projectile Motion ",physics,Wiki%20Page%20Storage%207a886a301e234ae4a4c87925ce34f45c/A%20projectile%20of%20mass%202%20kg%20has%20velocities%203%20m%20s%20and%20ab26483a0bf1412c9693a7ad29082ff8.md,,"Sep 12, 2020 9:11 AM",Soutrik das,
A rocket is fired vertically from the surface of the earth with a speed v. How far from the earth does the rocket go before returning to the Earth? ( where $R_E$ is the radius of earth is $g$ is accel due to gravity ),"doubt, doubt cleared, physics, question",,Wiki%20Page%20Storage%207a886a301e234ae4a4c87925ce34f45c/Gravitation%205b41f84923104a61a648375dc734154d.md,"Oct 9, 2020 9:40 PM",Soutrik das,
Gravitation,,Wiki%20Page%20Storage%207a886a301e234ae4a4c87925ce34f45c/A%20rocket%20is%20fired%20vertically%20from%20the%20surface%20of%20t%20ee841ec2d9ef4c4cabbea9fe9e7a4ae0.md,,"Sep 12, 2020 11:44 AM",Soutrik das,
Question Type,,,,"Sep 13, 2020 10:08 PM",Soutrik das,
Algorithm,,,,"Oct 3, 2020 10:55 AM",Soutrik das,
"Print all Combination of $r$ itemrs in a list of $n$ items ",,,Wiki%20Page%20Storage%207a886a301e234ae4a4c87925ce34f45c/Algorithm%209cd60dea97f742dba4e01aa71877da77.md,"Oct 3, 2020 11:00 AM",Soutrik das,
"Setting up a Virtual Machine ",,,,"Oct 4, 2020 5:43 PM",Soutrik das,
Web Dev Basics (HTML CSS JS),,,,"Oct 4, 2020 6:46 PM",Soutrik das,
"Embed Codepens ",,,Wiki%20Page%20Storage%207a886a301e234ae4a4c87925ce34f45c/Technology%204de1a6b8321042ff8745fedc23514a99.md,"Oct 4, 2020 8:14 PM",Soutrik das,
AHK,,,,"Oct 5, 2020 9:06 AM",Soutrik das,
Pyautogui,,,"Wiki%20Page%20Storage%207a886a301e234ae4a4c87925ce34f45c/Libraries%20Frameworks%203ca2a70d57044c5f9f825e715002487c.md, Wiki%20Page%20Storage%207a886a301e234ae4a4c87925ce34f45c/Python%20py%2037f8f5b26a314016a6c73e8e8340af98.md","Oct 9, 2020 9:32 PM",Soutrik das,
College Branch Selection,,,,"Oct 6, 2020 6:00 PM",Soutrik das,
ALL Chapters,,,,"Oct 6, 2020 8:38 PM",Soutrik das,
"BASH Scripting ",,,,"Oct 10, 2020 11:52 AM",Soutrik das,
Pandas,,,"Wiki%20Page%20Storage%207a886a301e234ae4a4c87925ce34f45c/Libraries%20Frameworks%203ca2a70d57044c5f9f825e715002487c.md, Wiki%20Page%20Storage%207a886a301e234ae4a4c87925ce34f45c/Python%20py%2037f8f5b26a314016a6c73e8e8340af98.md","Oct 9, 2020 9:32 PM",Soutrik das,
"Thomas Calculus ",book,,Wiki%20Page%20Storage%207a886a301e234ae4a4c87925ce34f45c/Books%20c09fa9d40bfa499ba9545c5017dd2010.md,"Oct 9, 2020 9:26 PM",Soutrik das,
JEE Advance 2020,,"Wiki%20Page%20Storage%207a886a301e234ae4a4c87925ce34f45c/A%20football%20of%20radius%20R%20is%20kept%20on%20a%20hole%20of%20radius%20832167877b88469fa4f7c5e06ee02e42.md, Wiki%20Page%20Storage%207a886a301e234ae4a4c87925ce34f45c/A%20light%20disc%20made%20of%20aluminium%20(a%20nonmagnetic%20mate%205368ec9bdccd409da97110b2aec9fa23.md, Wiki%20Page%20Storage%207a886a301e234ae4a4c87925ce34f45c/Untitled%20aab7832a2fa3483a835aa4af85172d7c.md",Wiki%20Page%20Storage%207a886a301e234ae4a4c87925ce34f45c/Question%20Papers%20e41e44befa374fa5bb921baeb9700a13.md,"Oct 9, 2020 9:47 PM",Soutrik das,
A football of radius R is kept on a hole of radius r (𝑟 < 𝑅) made on a plank kept horizontally. Oneend of the plank is now lifted so that it gets tilted making an angle 𝜃 from the horizontal as shown inthe figure below. The maximum value of 𝜃 so that the football does not start rolling down the planksatisfies (figure is schematic and not drawn to scale),,,Wiki%20Page%20Storage%207a886a301e234ae4a4c87925ce34f45c/JEE%20Advance%202020%2079ed257374724a619c68f54cbd30dfd9.md,"Oct 8, 2020 8:22 PM",Soutrik das,
"A light disc made of aluminium (a nonmagnetic material) is kept horizontally and is free to rotateabout its axis as shown in the figure. A strong magnet is held vertically at a point above the disc awayfrom its axis. On revolving the magnet about the axis of the disc, the disc will (figure is schematicand not drawn to scale)",,,Wiki%20Page%20Storage%207a886a301e234ae4a4c87925ce34f45c/JEE%20Advance%202020%2079ed257374724a619c68f54cbd30dfd9.md,"Oct 8, 2020 8:37 PM",Soutrik das,
,,,Wiki%20Page%20Storage%207a886a301e234ae4a4c87925ce34f45c/JEE%20Advance%202020%2079ed257374724a619c68f54cbd30dfd9.md,"Oct 8, 2020 8:31 PM",Soutrik das,
C++,,"Wiki%20Page%20Storage%207a886a301e234ae4a4c87925ce34f45c/Pointers%20C++%20bbe25d6d727344fb89accf91b6ff5994.md, Wiki%20Page%20Storage%207a886a301e234ae4a4c87925ce34f45c/Antti%20Larson%20-%20Guide%20to%20Competitive%20Programming%20C+%20c2e24064f07a426291ab856eb41c3e45.md",Wiki%20Page%20Storage%207a886a301e234ae4a4c87925ce34f45c/Programming%20Language%20670bb2364416452e9e1bd7e21dd306de.md,"Oct 13, 2020 9:47 PM",Soutrik das,
Thermodynamics,,"Wiki%20Page%20Storage%207a886a301e234ae4a4c87925ce34f45c/Thermodynamic%20v%20s%20Kinematic%20Control%20(Reaction%20Coor%2015b67a7d127a4721a0367c8aa6fe1219.md, Wiki%20Page%20Storage%207a886a301e234ae4a4c87925ce34f45c/Reaction%20Coordinate%201e6630e802fa4f2990c7779384be6529.md, Wiki%20Page%20Storage%207a886a301e234ae4a4c87925ce34f45c/Hammond's%20Postulate%20af25b91f7adb4392bbf7f457fba353dc.md",,"Oct 9, 2020 8:39 PM",Soutrik das,
Chemical Kinetics,,"Wiki%20Page%20Storage%207a886a301e234ae4a4c87925ce34f45c/Thermodynamic%20v%20s%20Kinematic%20Control%20(Reaction%20Coor%2015b67a7d127a4721a0367c8aa6fe1219.md, Wiki%20Page%20Storage%207a886a301e234ae4a4c87925ce34f45c/Reaction%20Coordinate%201e6630e802fa4f2990c7779384be6529.md, Wiki%20Page%20Storage%207a886a301e234ae4a4c87925ce34f45c/Hammond's%20Postulate%20af25b91f7adb4392bbf7f457fba353dc.md",,"Oct 9, 2020 8:39 PM",Soutrik das,
JavaScript (js),,Wiki%20Page%20Storage%207a886a301e234ae4a4c87925ce34f45c/Gatsby%20js%204075d121dc8c4efc8074cf5678a5048d.md,Wiki%20Page%20Storage%207a886a301e234ae4a4c87925ce34f45c/Programming%20Language%20670bb2364416452e9e1bd7e21dd306de.md,"Oct 9, 2020 9:06 PM",Soutrik das,
Pending Review Page ( Page Tag ),,Wiki%20Page%20Storage%207a886a301e234ae4a4c87925ce34f45c/Technology%204de1a6b8321042ff8745fedc23514a99.md,,"Oct 9, 2020 9:14 PM",Soutrik das,
Magnetism,,Wiki%20Page%20Storage%207a886a301e234ae4a4c87925ce34f45c/Magnetic%20North%20Pole%20v%20s%20Geomagnetic%20North%20Pole%2017c20d437f6e4b729362c98b132c74fb.md,,"Oct 14, 2020 11:41 AM",Soutrik das,
Katex Useful Commands,,,,"Oct 10, 2020 12:04 PM",Soutrik das,
Gnome,,,,"Oct 10, 2020 12:13 PM",Soutrik das,
Recordable,,Wiki%20Page%20Storage%207a886a301e234ae4a4c87925ce34f45c/A%20cylindrical%20capillary%20tube%20of%200%202%20mm%20radius%20is%20m%202b54ce7ef00a455592040d1fec07c0a7.md,,"Oct 10, 2020 7:05 PM",Soutrik das,
Simple Table View Link,,,,"Oct 10, 2020 7:14 PM",Soutrik das,
Chemical Compound,,"Wiki%20Page%20Storage%207a886a301e234ae4a4c87925ce34f45c/LDA%20Lithium%20Di-Isopropyl%20Amide%2044f4b40077914a91ab3ae4ddd780ea64.md, Wiki%20Page%20Storage%207a886a301e234ae4a4c87925ce34f45c/THF%20Tetrahydrofuran%20c8917210d23d4c4ab1fec2f04e13b42e.md, Wiki%20Page%20Storage%207a886a301e234ae4a4c87925ce34f45c/Borane%20BH_3%20c67e9a17d9e348a4bbff7fa6b8ff8b89.md",,"Oct 10, 2020 7:15 PM",Soutrik das,
Question Papers,,"Wiki%20Page%20Storage%207a886a301e234ae4a4c87925ce34f45c/JEE%20Advance%202020%2079ed257374724a619c68f54cbd30dfd9.md, Wiki%20Page%20Storage%207a886a301e234ae4a4c87925ce34f45c/JEE%20ADV%202019%20paper%202%20ab6400f90e554732a2cdd8bc08abbeef.md, Wiki%20Page%20Storage%207a886a301e234ae4a4c87925ce34f45c/JEE%20ADV%202018%20Paper%202%206a533b43b70745109e4a55fab37f84cb.md, Wiki%20Page%20Storage%207a886a301e234ae4a4c87925ce34f45c/JEE%20Main%208%20Jan%202019%20shift%201%20d5cb817a52e74bb2bffbb04dc8eb9ddc.md",,"Oct 10, 2020 7:15 PM",Soutrik das,
Python.py,,"Wiki%20Page%20Storage%207a886a301e234ae4a4c87925ce34f45c/Pandas%205e3b69e372144885a8c818faee9ad5da.md, Wiki%20Page%20Storage%207a886a301e234ae4a4c87925ce34f45c/Pyautogui%209f29885a1744453c9fe5754674a2a12b.md, Wiki%20Page%20Storage%207a886a301e234ae4a4c87925ce34f45c/Think%20Stats%20e488afe492224725ae4c64c54a2b052e.md, Wiki%20Page%20Storage%207a886a301e234ae4a4c87925ce34f45c/Manim%20e49ac2055a8c4848abe8f82b499c3f32.md, Wiki%20Page%20Storage%207a886a301e234ae4a4c87925ce34f45c/Matplotlib%203b87d785ac084fa8b00de436bb24b41d.md, Wiki%20Page%20Storage%207a886a301e234ae4a4c87925ce34f45c/Basics%20of%20Virtual%20Environment%20Python%205599e2d0d92f4edc8ee9ce4194abfed6.md, Wiki%20Page%20Storage%207a886a301e234ae4a4c87925ce34f45c/Numerical%20Methods%20in%20Engineering%20With%20Python%20by%20Ja%20b57be2e2e3374e74b6683a474e98005e.md",Wiki%20Page%20Storage%207a886a301e234ae4a4c87925ce34f45c/Programming%20Language%20670bb2364416452e9e1bd7e21dd306de.md,"Oct 18, 2020 7:54 AM",Soutrik das,
Programming Language,,"Wiki%20Page%20Storage%207a886a301e234ae4a4c87925ce34f45c/JavaScript%20(js)%205d333253d0494518836c9919601069d3.md, Wiki%20Page%20Storage%207a886a301e234ae4a4c87925ce34f45c/Python%20py%2037f8f5b26a314016a6c73e8e8340af98.md, Wiki%20Page%20Storage%207a886a301e234ae4a4c87925ce34f45c/C++%20af78ebe91d7e4bd78a6245cc8bc0e666.md, Wiki%20Page%20Storage%207a886a301e234ae4a4c87925ce34f45c/Dart%202e56fd29eb544436909a39573c4977b0.md",,"Oct 10, 2020 7:16 PM",Soutrik das,
Books,,"Wiki%20Page%20Storage%207a886a301e234ae4a4c87925ce34f45c/Thomas%20Calculus%20d18ebe938b2443e9811a1fafabd3e113.md, Wiki%20Page%20Storage%207a886a301e234ae4a4c87925ce34f45c/Cengage%20BM%20Sharma%209c189c7938ba426db954efeea20531ef.md, Wiki%20Page%20Storage%207a886a301e234ae4a4c87925ce34f45c/David%20M%20Klein%20Organic%20Chemistry%20Doubts%20e71957bc1ec1496bb5d137ab25538e7e.md, Wiki%20Page%20Storage%207a886a301e234ae4a4c87925ce34f45c/Numerical%20Methods%20in%20Engineering%20With%20Python%20by%20Ja%20b57be2e2e3374e74b6683a474e98005e.md, Wiki%20Page%20Storage%207a886a301e234ae4a4c87925ce34f45c/Think%20Stats%20e488afe492224725ae4c64c54a2b052e.md, Wiki%20Page%20Storage%207a886a301e234ae4a4c87925ce34f45c/Antti%20Larson%20-%20Guide%20to%20Competitive%20Programming%20C+%20c2e24064f07a426291ab856eb41c3e45.md",,"Oct 10, 2020 7:16 PM",Soutrik das,
ECE  Electronics and Communication Engineering  IIT G,,,,"Oct 10, 2020 10:16 PM",Soutrik das,
JEE Main 8 Jan 2019 shift 1,,,Wiki%20Page%20Storage%207a886a301e234ae4a4c87925ce34f45c/Question%20Papers%20e41e44befa374fa5bb921baeb9700a13.md,"Oct 11, 2020 8:17 AM",Soutrik das,
Functions,,,,"Oct 14, 2020 12:15 PM",Soutrik das,
Competitive Programming Problems,,,,"Oct 12, 2020 7:43 AM",Soutrik das,
"Antti Larson - Guide to Competitive Programming C++ ","book, cs",Wiki%20Page%20Storage%207a886a301e234ae4a4c87925ce34f45c/Grokking%20Algorithm%20-%20Aditya%20Bhargava%20755f6e92ceb240ec99d0139e91d9682f.md,"Wiki%20Page%20Storage%207a886a301e234ae4a4c87925ce34f45c/C++%20af78ebe91d7e4bd78a6245cc8bc0e666.md, Wiki%20Page%20Storage%207a886a301e234ae4a4c87925ce34f45c/Algorithm%209cd60dea97f742dba4e01aa71877da77.md, Wiki%20Page%20Storage%207a886a301e234ae4a4c87925ce34f45c/Books%20c09fa9d40bfa499ba9545c5017dd2010.md","Nov 5, 2020 2:03 PM",Soutrik das,
JEE Problem DataBase,,,,"Oct 13, 2020 10:15 PM",Soutrik das,
GitHub,,,,"Nov 11, 2020 6:47 PM",Soutrik das,
Git,book,,,"Nov 2, 2020 10:04 PM",Soutrik das,
Flutter,,"Wiki%20Page%20Storage%207a886a301e234ae4a4c87925ce34f45c/DartDocs%207376bcaf70a24cde8fdb930422540720.md, Wiki%20Page%20Storage%207a886a301e234ae4a4c87925ce34f45c/Flutter%20Animations%20f4af789333ff4005bb653a363180df9a.md","Wiki%20Page%20Storage%207a886a301e234ae4a4c87925ce34f45c/Libraries%20Frameworks%203ca2a70d57044c5f9f825e715002487c.md, Wiki%20Page%20Storage%207a886a301e234ae4a4c87925ce34f45c/Dart%202e56fd29eb544436909a39573c4977b0.md, Wiki%20Page%20Storage%207a886a301e234ae4a4c87925ce34f45c/Eric%20Windmill%20Flutter%20in%20Action%20Manning%20(Book)%20b546b6f7b9a24607b7b14f7651853244.md","Nov 7, 2020 9:59 PM",Soutrik das,
Libraries/Frameworks,,"Wiki%20Page%20Storage%207a886a301e234ae4a4c87925ce34f45c/Gatsby%20js%204075d121dc8c4efc8074cf5678a5048d.md, Wiki%20Page%20Storage%207a886a301e234ae4a4c87925ce34f45c/D3js%20aa2d4514f8604c95841b69e97442c2ea.md, Wiki%20Page%20Storage%207a886a301e234ae4a4c87925ce34f45c/Pandas%205e3b69e372144885a8c818faee9ad5da.md, Wiki%20Page%20Storage%207a886a301e234ae4a4c87925ce34f45c/Pyautogui%209f29885a1744453c9fe5754674a2a12b.md, Wiki%20Page%20Storage%207a886a301e234ae4a4c87925ce34f45c/Matplotlib%203b87d785ac084fa8b00de436bb24b41d.md, Wiki%20Page%20Storage%207a886a301e234ae4a4c87925ce34f45c/Flutter%2089e076858c9b4872bb9294c2e69fb0f8.md, Wiki%20Page%20Storage%207a886a301e234ae4a4c87925ce34f45c/adb%20be4ad89f7439440fa78684c8c58f7c54.md, Wiki%20Page%20Storage%207a886a301e234ae4a4c87925ce34f45c/React%20js%20080aff2e6c5a4f8195d45f5676828df0.md",,"Oct 15, 2020 8:59 PM",Soutrik das,
Dart,,Wiki%20Page%20Storage%207a886a301e234ae4a4c87925ce34f45c/Flutter%2089e076858c9b4872bb9294c2e69fb0f8.md,Wiki%20Page%20Storage%207a886a301e234ae4a4c87925ce34f45c/Programming%20Language%20670bb2364416452e9e1bd7e21dd306de.md,"Nov 7, 2020 9:19 AM",Soutrik das,
adb,,,Wiki%20Page%20Storage%207a886a301e234ae4a4c87925ce34f45c/Libraries%20Frameworks%203ca2a70d57044c5f9f825e715002487c.md,"Nov 5, 2020 9:39 PM",Soutrik das,
DartDocs,,,Wiki%20Page%20Storage%207a886a301e234ae4a4c87925ce34f45c/Flutter%2089e076858c9b4872bb9294c2e69fb0f8.md,"Nov 3, 2020 5:44 PM",Soutrik das,
Soft Skills (Page Tag),,Wiki%20Page%20Storage%207a886a301e234ae4a4c87925ce34f45c/Touch%20typing%209d174287434249f7bcda0ea4aa17625e.md,,"Oct 18, 2020 9:04 PM",Soutrik das,
"Touch typing ",,,Wiki%20Page%20Storage%207a886a301e234ae4a4c87925ce34f45c/Soft%20Skills%20(Page%20Tag)%20df399e7d997f417d998fdcb53b0ec249.md,"Oct 18, 2020 9:04 PM",Soutrik das,
"Animations to Recreate ",,,,"Oct 18, 2020 9:18 PM",Soutrik das,
Stacked Package Flutter,,,,"Oct 19, 2020 7:21 PM",Soutrik das,
Flutter Animations,,,Wiki%20Page%20Storage%207a886a301e234ae4a4c87925ce34f45c/Flutter%2089e076858c9b4872bb9294c2e69fb0f8.md,"Nov 8, 2020 12:47 PM",Soutrik das,
But How Do It Work?,book,,,"Oct 31, 2020 9:29 AM",Soutrik das,
Eric Windmill Flutter in Action Manning (Book),,Wiki%20Page%20Storage%207a886a301e234ae4a4c87925ce34f45c/Flutter%2089e076858c9b4872bb9294c2e69fb0f8.md,,"Nov 1, 2020 7:04 PM",Soutrik das,
Now-u App,,,,"Nov 3, 2020 6:34 AM",Soutrik das,
Rive Animation,,,,"Nov 5, 2020 8:21 AM",Soutrik das,
Grokking Algorithm - Aditya Bhargava,,,Wiki%20Page%20Storage%207a886a301e234ae4a4c87925ce34f45c/Antti%20Larson%20-%20Guide%20to%20Competitive%20Programming%20C+%20c2e24064f07a426291ab856eb41c3e45.md,"Nov 5, 2020 3:19 PM",Soutrik das,
"WebSockets ",,,,"Nov 8, 2020 7:42 PM",Soutrik das,
Clean Architecture Robert C Martin,book,,,"Nov 9, 2020 8:22 AM",Soutrik das,
"Rules Wiki Main Storage ",,,,"Nov 9, 2020 10:02 AM",Soutrik das,
" Automation of Notion Backup ",,,,"Nov 14, 2020 7:44 AM",Soutrik das,
Boiled Eggs,,,,"Nov 9, 2020 6:29 PM",Soutrik das,
"Willpower - Roy F. Baumester , John Tierny",book,,,"Nov 10, 2020 8:13 AM",Soutrik das,
"Carpentry ",,,,"Nov 10, 2020 9:26 AM",Soutrik das,
Https request,,,,"Nov 11, 2020 2:27 PM",Soutrik das,
How to ask a better question SO #blog,,,Wiki%20Page%20Storage%207a886a301e234ae4a4c87925ce34f45c/Blog%206c392a4da6b740a1af9ee606673e0c01.md,"Nov 12, 2020 10:46 AM",Soutrik das,
Blog,,Wiki%20Page%20Storage%207a886a301e234ae4a4c87925ce34f45c/How%20to%20ask%20a%20better%20question%20SO%20#blog%209bff050424084f71a617afd7cec3cfe7.md,,"Nov 12, 2020 10:46 AM",Soutrik das,
"React.js ",,,Wiki%20Page%20Storage%207a886a301e234ae4a4c87925ce34f45c/Libraries%20Frameworks%203ca2a70d57044c5f9f825e715002487c.md,"Nov 13, 2020 7:10 PM",Soutrik das,
Network,chapter,,,"Nov 14, 2020 9:07 PM",Soutrik das,